trial_id,trial_mode,algorithm,comm_model,comm_level,grid_size,grid_cells,robot_count,target_count,condition_id,scenario_file,completed_target_count,all_targets_visited,final_target_completion_time_s,final_target_completion_sim_time_s,duplicate_target_visits,target_conflicts,task_cell_revisits_total,total_team_steps,max_robot_steps,unique_cells_visited,system_revisits,task_cell_replans_total,path_replans_total,collision_prevention_events,events_processed,stall_recoveries_total,messages_sent_total,messages_delivered_total,messages_dropped_total,protected_messages_sent_total,unprotected_messages_sent_total,core_messages_sent_total,allocation_messages_sent_total,message_drop_fraction,messages_per_completed_target,allocation_messages_per_completed_target,messages_sent_by_topic,workload_gini_targets_found,workload_gini_unique_cells_contributed,sensitivity_suite,sensitivity_parameter,sensitivity_value,sensitivity_label,num_targets,num_robots
0,known_visit,DGA,ideal,1.0,19,361,4,10,dga_h8_ideal,known_visit_10target_300.csv,10,True,29.641989345943827,29.641989345943827,0,0,0,67,18,69,2,1,0,0,153,0,252,753,0,68,184,139,113,0.0,25.2,11.3,collision_intent:68;dga_entry:113;state:71,0.10000000000000009,0.047101449275362306,known_visit_horizon,commitment_horizon,8,h8,10,4
1,known_visit,DGA,ideal,1.0,19,361,4,10,dga_h8_ideal,known_visit_10target_300.csv,10,True,33.425103397962694,33.425103397962694,0,0,0,75,20,79,0,4,0,0,173,0,235,702,0,78,157,157,78,0.0,23.5,7.8,collision_intent:78;dga_entry:78;state:79,0.10000000000000009,0.02215189873417711,known_visit_horizon,commitment_horizon,8,h8,10,4
2,known_visit,DGA,ideal,1.0,19,361,4,10,dga_h8_ideal,known_visit_10target_300.csv,10,True,41.06774549807738,41.06774549807738,0,0,0,81,24,81,4,1,0,0,230,0,303,906,0,82,221,167,136,0.0,30.3,13.6,collision_intent:82;dga_entry:136;state:85,0.25,0.16975308641975317,known_visit_horizon,commitment_horizon,8,h8,10,4
3,known_visit,DGA,ideal,1.0,19,361,4,10,dga_h8_ideal,known_visit_10target_300.csv,10,True,38.754041657381435,38.754041657381435,0,0,0,84,23,86,2,4,1,1,208,0,321,960,0,89,232,177,144,0.0,32.1,14.4,collision_intent:89;dga_entry:144;state:88,0.10000000000000009,0.03488372093023262,known_visit_horizon,commitment_horizon,8,h8,10,4
4,known_visit,DGA,ideal,1.0,19,361,4,10,dga_h8_ideal,known_visit_10target_300.csv,10,True,38.96278380510351,38.96278380510351,0,0,0,80,23,84,0,2,2,2,214,0,330,987,0,86,244,170,160,0.0,33.0,16.0,collision_intent:86;dga_entry:160;state:84,0.25,0.06547619047619047,known_visit_horizon,commitment_horizon,8,h8,10,4
5,known_visit,DGA,ideal,1.0,19,361,4,10,dga_h8_ideal,known_visit_10target_300.csv,10,True,31.592306425386354,31.592306425386354,1,1,1,66,19,69,1,2,0,0,172,0,200,597,0,68,132,138,62,0.0,20.0,6.2,collision_intent:68;dga_entry:62;state:70,0.1499999999999999,0.1123188405797102,known_visit_horizon,commitment_horizon,8,h8,10,4
6,known_visit,DGA,ideal,1.0,19,361,4,10,dga_h8_ideal,known_visit_10target_300.csv,10,True,36.320179205499635,36.320179205499635,0,0,0,72,21,74,2,1,0,0,198,0,268,801,0,75,193,151,117,0.0,26.8,11.7,collision_intent:75;dga_entry:117;state:76,0.10000000000000009,0.1351351351351351,known_visit_horizon,commitment_horizon,8,h8,10,4
7,known_visit,DGA,ideal,1.0,19,361,4,10,dga_h8_ideal,known_visit_10target_300.csv,10,True,38.82341211389161,38.82341211389161,0,0,0,76,23,79,1,2,0,0,217,0,297,888,0,79,218,159,138,0.0,29.7,13.8,collision_intent:79;dga_entry:138;state:80,0.1499999999999999,0.129746835443038,known_visit_horizon,commitment_horizon,8,h8,10,4
8,known_visit,DGA,ideal,1.0,19,361,4,10,dga_h8_ideal,known_visit_10target_300.csv,10,True,37.999586673982165,37.999586673982165,0,0,0,76,23,80,0,5,0,0,208,0,258,771,0,78,180,158,100,0.0,25.8,10.0,collision_intent:78;dga_entry:100;state:80,0.10000000000000009,0.125,known_visit_horizon,commitment_horizon,8,h8,10,4
9,known_visit,DGA,ideal,1.0,19,361,4,10,dga_h8_ideal,known_visit_10target_300.csv,10,True,33.8279279809172,33.8279279809172,0,0,0,76,20,80,0,3,0,0,176,0,299,894,0,79,220,159,140,0.0,29.9,14.0,collision_intent:79;dga_entry:140;state:80,0.1499999999999999,0.018750000000000044,known_visit_horizon,commitment_horizon,8,h8,10,4
10,known_visit,DGA,ideal,1.0,19,361,4,10,dga_h8_ideal,known_visit_10target_300.csv,10,True,34.44233998539739,34.44233998539739,0,0,0,69,21,73,0,3,0,0,185,0,213,636,0,72,141,145,68,0.0,21.3,6.8,collision_intent:72;dga_entry:68;state:73,0.10000000000000009,0.06506849315068486,known_visit_horizon,commitment_horizon,8,h8,10,4
11,known_visit,DGA,ideal,1.0,19,361,4,10,dga_h8_ideal,known_visit_10target_300.csv,10,True,38.666092427669646,38.666092427669646,0,0,0,62,23,65,1,2,0,0,230,0,269,804,0,65,204,131,138,0.0,26.9,13.8,collision_intent:65;dga_entry:138;state:66,0.25,0.18846153846153846,known_visit_horizon,commitment_horizon,8,h8,10,4
12,known_visit,DGA,ideal,1.0,19,361,4,10,dga_h8_ideal,known_visit_10target_300.csv,10,True,35.52550844867119,35.52550844867119,0,0,0,74,21,78,0,2,0,0,188,0,278,831,0,77,201,155,123,0.0,27.8,12.3,collision_intent:77;dga_entry:123;state:78,0.10000000000000009,0.0641025641025641,known_visit_horizon,commitment_horizon,8,h8,10,4
13,known_visit,DGA,ideal,1.0,19,361,4,10,dga_h8_ideal,known_visit_10target_300.csv,10,True,39.26043579779057,39.26043579779057,0,0,0,84,23,83,5,4,0,0,206,0,292,873,0,86,206,174,118,0.0,29.2,11.8,collision_intent:86;dga_entry:118;state:88,0.25,0.09939759036144569,known_visit_horizon,commitment_horizon,8,h8,10,4
14,known_visit,DGA,ideal,1.0,19,361,4,10,dga_h8_ideal,known_visit_10target_300.csv,10,True,41.26175490630029,41.26175490630029,0,0,0,66,24,70,0,4,3,3,252,0,302,903,0,72,230,142,160,0.0,30.2,16.0,collision_intent:72;dga_entry:160;state:70,0.44999999999999996,0.25,known_visit_horizon,commitment_horizon,8,h8,10,4
15,known_visit,DGA,ideal,1.0,19,361,4,10,dga_h8_ideal,known_visit_10target_300.csv,10,True,24.173390456138048,24.173390456138048,0,0,0,43,15,47,0,1,0,0,144,0,182,543,0,45,137,92,90,0.0,18.2,9.0,collision_intent:45;dga_entry:90;state:47,0.25,0.22872340425531923,known_visit_horizon,commitment_horizon,8,h8,10,4
16,known_visit,DGA,ideal,1.0,19,361,4,10,dga_h8_ideal,known_visit_10target_300.csv,10,True,31.49449232584974,31.49449232584974,0,0,0,57,19,61,0,2,0,0,182,0,238,711,0,59,179,120,118,0.0,23.8,11.8,collision_intent:59;dga_entry:118;state:61,0.25,0.20901639344262302,known_visit_horizon,commitment_horizon,8,h8,10,4
17,known_visit,DGA,ideal,1.0,19,361,4,10,dga_h8_ideal,known_visit_10target_300.csv,10,True,34.983540228355785,34.983540228355785,0,0,0,58,21,62,0,2,0,0,209,0,175,522,0,61,114,123,52,0.0,17.5,5.2,collision_intent:61;dga_entry:52;state:62,0.10000000000000009,0.2016129032258065,known_visit_horizon,commitment_horizon,8,h8,10,4
18,known_visit,DGA,ideal,1.0,19,361,4,10,dga_h8_ideal,known_visit_10target_300.csv,10,True,40.74046797689408,40.74046797689408,2,2,2,81,24,81,4,4,0,0,225,0,300,897,0,84,216,169,131,0.0,30.0,13.1,collision_intent:84;dga_entry:131;state:85,0.10000000000000009,0.0092592592592593,known_visit_horizon,commitment_horizon,8,h8,10,4
19,known_visit,DGA,ideal,1.0,19,361,4,10,dga_h8_ideal,known_visit_10target_300.csv,10,True,31.170857503499917,31.170857503499917,0,0,0,61,19,65,0,1,0,0,173,0,272,813,0,65,207,130,142,0.0,27.2,14.2,collision_intent:65;dga_entry:142;state:65,0.10000000000000009,0.0807692307692307,known_visit_horizon,commitment_horizon,8,h8,10,4
20,known_visit,DGA,ideal,1.0,19,361,4,10,dga_h8_ideal,known_visit_10target_300.csv,10,True,30.08714144905153,30.08714144905153,0,0,0,63,18,66,1,3,0,0,163,0,254,759,0,66,188,133,121,0.0,25.4,12.1,collision_intent:66;dga_entry:121;state:67,0.1499999999999999,0.06818181818181812,known_visit_horizon,commitment_horizon,8,h8,10,4
21,known_visit,DGA,ideal,1.0,19,361,4,10,dga_h8_ideal,known_visit_10target_300.csv,10,True,34.57346109026149,34.57346109026149,0,0,0,72,21,75,1,2,0,0,183,0,227,678,0,75,152,151,76,0.0,22.7,7.6,collision_intent:75;dga_entry:76;state:76,0.1499999999999999,0.07000000000000006,known_visit_horizon,commitment_horizon,8,h8,10,4
22,known_visit,DGA,ideal,1.0,19,361,4,10,dga_h8_ideal,known_visit_10target_300.csv,10,True,35.553348300648494,35.553348300648494,0,0,0,71,21,75,0,3,0,0,194,0,220,657,0,74,146,149,71,0.0,22.0,7.1,collision_intent:74;dga_entry:71;state:75,0.25,0.07000000000000006,known_visit_horizon,commitment_horizon,8,h8,10,4
23,known_visit,DGA,ideal,1.0,19,361,4,10,dga_h8_ideal,known_visit_10target_300.csv,10,True,35.1769396750291,35.1769396750291,0,0,0,67,21,71,0,3,0,0,200,0,235,702,0,69,166,140,95,0.0,23.5,9.5,collision_intent:69;dga_entry:95;state:71,0.1499999999999999,0.12323943661971826,known_visit_horizon,commitment_horizon,8,h8,10,4
24,known_visit,DGA,ideal,1.0,19,361,4,10,dga_h8_ideal,known_visit_10target_300.csv,10,True,29.90997644756736,29.90997644756736,0,0,0,61,18,65,0,2,0,0,165,0,166,495,0,64,102,129,37,0.0,16.6,3.7,collision_intent:64;dga_entry:37;state:65,0.10000000000000009,0.050000000000000044,known_visit_horizon,commitment_horizon,8,h8,10,4
25,known_visit,DGA,ideal,1.0,19,361,4,10,dga_h8_ideal,known_visit_10target_300.csv,10,True,19.851217736855705,19.851217736855705,0,0,0,44,12,48,0,3,0,0,108,0,180,537,0,47,133,95,85,0.0,18.0,8.5,collision_intent:47;dga_entry:85;state:48,0.10000000000000009,0.03125,known_visit_horizon,commitment_horizon,8,h8,10,4
26,known_visit,DGA,ideal,1.0,19,361,4,10,dga_h8_ideal,known_visit_10target_300.csv,10,True,32.229133634026994,32.229133634026994,0,0,0,60,19,64,0,2,0,0,185,0,203,606,0,62,141,126,77,0.0,20.3,7.7,collision_intent:62;dga_entry:77;state:64,0.25,0.125,known_visit_horizon,commitment_horizon,8,h8,10,4
27,known_visit,DGA,ideal,1.0,19,361,4,10,dga_h8_ideal,known_visit_10target_300.csv,10,True,20.29040509525107,20.29040509525107,0,0,0,41,12,45,0,5,0,0,117,0,229,684,0,43,186,88,141,0.0,22.9,14.1,collision_intent:43;dga_entry:141;state:45,0.25,0.08333333333333326,known_visit_horizon,commitment_horizon,8,h8,10,4
28,known_visit,DGA,ideal,1.0,19,361,4,10,dga_h8_ideal,known_visit_10target_300.csv,10,True,37.31038903896812,37.31038903896812,1,1,1,78,22,79,3,2,1,1,203,0,264,789,0,81,183,163,101,0.0,26.4,10.1,collision_intent:81;dga_entry:101;state:82,0.10000000000000009,0.08544303797468356,known_visit_horizon,commitment_horizon,8,h8,10,4
29,known_visit,DGA,ideal,1.0,19,361,4,10,dga_h8_ideal,known_visit_10target_300.csv,10,True,35.478379884328874,35.478379884328874,0,0,0,73,21,77,0,3,0,0,189,0,276,825,0,75,201,152,124,0.0,27.6,12.4,collision_intent:75;dga_entry:124;state:77,0.10000000000000009,0.10064935064935066,known_visit_horizon,commitment_horizon,8,h8,10,4
30,known_visit,DGA,ideal,1.0,19,361,4,10,dga_h8_ideal,known_visit_10target_300.csv,10,True,36.574989754590334,36.574989754590334,0,0,0,80,21,82,2,7,0,0,193,0,340,1017,0,82,258,166,174,0.0,34.0,17.4,collision_intent:82;dga_entry:174;state:84,0.10000000000000009,0.030487804878048808,known_visit_horizon,commitment_horizon,8,h8,10,4
31,known_visit,DGA,ideal,1.0,19,361,4,10,dga_h8_ideal,known_visit_10target_300.csv,10,True,36.83163043621319,36.83163043621319,0,0,0,62,22,66,0,2,0,0,215,0,298,891,0,65,233,131,167,0.0,29.8,16.7,collision_intent:65;dga_entry:167;state:66,0.1499999999999999,0.23484848484848486,known_visit_horizon,commitment_horizon,8,h8,10,4
32,known_visit,DGA,ideal,1.0,19,361,4,10,dga_h8_ideal,known_visit_10target_300.csv,10,True,32.978490957455435,32.978490957455435,0,0,0,57,20,61,0,1,0,0,192,0,245,732,0,61,184,122,123,0.0,24.5,12.3,collision_intent:61;dga_entry:123;state:61,0.1499999999999999,0.19262295081967218,known_visit_horizon,commitment_horizon,8,h8,10,4
33,known_visit,DGA,ideal,1.0,19,361,4,10,dga_h8_ideal,known_visit_10target_300.csv,10,True,34.834184594994476,34.834184594994476,0,0,0,57,21,61,0,3,0,0,204,0,228,681,0,60,168,121,107,0.0,22.8,10.7,collision_intent:60;dga_entry:107;state:61,0.25,0.20901639344262302,known_visit_horizon,commitment_horizon,8,h8,10,4
34,known_visit,DGA,ideal,1.0,19,361,4,10,dga_h8_ideal,known_visit_10target_300.csv,10,True,33.88933423799332,33.88933423799332,0,0,0,70,20,73,1,6,0,0,185,0,251,750,0,72,179,146,105,0.0,25.1,10.5,collision_intent:72;dga_entry:105;state:74,0.25,0.08561643835616439,known_visit_horizon,commitment_horizon,8,h8,10,4
35,known_visit,DGA,ideal,1.0,19,361,4,10,dga_h8_ideal,known_visit_10target_300.csv,10,True,34.52463374029514,34.52463374029514,0,0,0,75,21,78,1,0,0,0,179,0,211,630,0,78,133,157,54,0.0,21.1,5.4,collision_intent:78;dga_entry:54;state:79,0.30000000000000004,0.044871794871794934,known_visit_horizon,commitment_horizon,8,h8,10,4
36,known_visit,DGA,ideal,1.0,19,361,4,10,dga_h8_ideal,known_visit_10target_300.csv,10,True,36.527075820225235,36.527075820225235,0,0,0,65,22,69,0,2,0,0,207,0,241,720,0,68,173,137,104,0.0,24.1,10.4,collision_intent:68;dga_entry:104;state:69,0.10000000000000009,0.13405797101449268,known_visit_horizon,commitment_horizon,8,h8,10,4
37,known_visit,DGA,ideal,1.0,19,361,4,10,dga_h8_ideal,known_visit_10target_300.csv,10,True,40.94142876181103,40.94142876181103,1,1,1,84,24,85,3,4,0,0,223,0,303,906,0,87,216,175,128,0.0,30.3,12.8,collision_intent:87;dga_entry:128;state:88,0.10000000000000009,0.050000000000000044,known_visit_horizon,commitment_horizon,8,h8,10,4
38,known_visit,DGA,ideal,1.0,19,361,4,10,dga_h8_ideal,known_visit_10target_300.csv,10,True,38.581363169166885,38.581363169166885,0,0,0,82,23,85,1,2,0,0,205,0,295,882,0,84,211,170,125,0.0,29.5,12.5,collision_intent:84;dga_entry:125;state:86,0.10000000000000009,0.07941176470588229,known_visit_horizon,commitment_horizon,8,h8,10,4
39,known_visit,DGA,ideal,1.0,19,361,4,10,dga_h8_ideal,known_visit_10target_300.csv,10,True,31.444847249975155,31.444847249975155,0,0,0,65,19,67,2,2,0,0,175,0,281,840,0,67,214,136,145,0.0,28.1,14.5,collision_intent:67;dga_entry:145;state:69,0.1499999999999999,0.11567164179104483,known_visit_horizon,commitment_horizon,8,h8,10,4
40,known_visit,DGA,ideal,1.0,19,361,4,10,dga_h8_ideal,known_visit_10target_300.csv,10,True,38.71381623763507,38.71381623763507,0,0,0,62,23,57,9,0,0,0,232,0,214,639,0,65,149,131,83,0.0,21.4,8.3,collision_intent:65;dga_entry:83;state:66,0.1499999999999999,0.030701754385964897,known_visit_horizon,commitment_horizon,8,h8,10,4
41,known_visit,DGA,ideal,1.0,19,361,4,10,dga_h8_ideal,known_visit_10target_300.csv,10,True,30.576255804112744,30.576255804112744,0,0,0,48,18,52,0,3,0,0,187,0,307,918,0,52,255,104,203,0.0,30.7,20.3,collision_intent:52;dga_entry:203;state:52,0.44999999999999996,0.1923076923076923,known_visit_horizon,commitment_horizon,8,h8,10,4
42,known_visit,DGA,ideal,1.0,19,361,4,10,dga_h8_ideal,known_visit_10target_300.csv,10,True,40.16605234104946,40.16605234104946,0,0,0,72,24,75,1,1,0,0,228,0,273,816,0,75,198,151,122,0.0,27.3,12.2,collision_intent:75;dga_entry:122;state:76,0.10000000000000009,0.1499999999999999,known_visit_horizon,commitment_horizon,8,h8,10,4
43,known_visit,DGA,ideal,1.0,19,361,4,10,dga_h8_ideal,known_visit_10target_300.csv,10,True,43.30385890818064,43.30385890818064,0,0,0,84,26,87,1,2,0,0,241,0,329,984,0,88,241,176,153,0.0,32.9,15.3,collision_intent:88;dga_entry:153;state:88,0.1499999999999999,0.09482758620689657,known_visit_horizon,commitment_horizon,8,h8,10,4
44,known_visit,DGA,ideal,1.0,19,361,4,10,dga_h8_ideal,known_visit_10target_300.csv,10,True,32.695796107920636,32.695796107920636,0,0,0,67,19,71,0,1,0,0,177,0,219,654,0,69,150,140,79,0.0,21.9,7.9,collision_intent:69;dga_entry:79;state:71,0.25,0.06690140845070425,known_visit_horizon,commitment_horizon,8,h8,10,4
45,known_visit,DGA,ideal,1.0,19,361,4,10,dga_h8_ideal,known_visit_10target_300.csv,10,True,56.08715451018734,56.08715451018734,0,0,0,111,33,114,1,7,0,0,307,0,409,1224,0,115,294,230,179,0.0,40.9,17.9,collision_intent:115;dga_entry:179;state:115,0.30000000000000004,0.10087719298245612,known_visit_horizon,commitment_horizon,8,h8,10,4
46,known_visit,DGA,ideal,1.0,19,361,4,10,dga_h8_ideal,known_visit_10target_300.csv,10,True,29.979566249358204,29.979566249358204,0,0,0,65,18,69,0,1,0,0,161,0,212,633,0,67,145,136,76,0.0,21.2,7.6,collision_intent:67;dga_entry:76;state:69,0.25,0.061594202898550776,known_visit_horizon,commitment_horizon,8,h8,10,4
47,known_visit,DGA,ideal,1.0,19,361,4,10,dga_h8_ideal,known_visit_10target_300.csv,10,True,37.988802822751076,37.988802822751076,1,1,1,83,23,81,6,4,0,0,200,0,332,993,0,87,245,174,158,0.0,33.2,15.8,collision_intent:87;dga_entry:158;state:87,0.25,0.05246913580246915,known_visit_horizon,commitment_horizon,8,h8,10,4
48,known_visit,DGA,ideal,1.0,19,361,4,10,dga_h8_ideal,known_visit_10target_300.csv,10,True,31.93675623578042,31.93675623578042,0,0,0,73,19,75,2,1,0,0,164,0,210,627,0,75,135,152,58,0.0,21.0,5.8,collision_intent:75;dga_entry:58;state:77,0.25,0.023333333333333428,known_visit_horizon,commitment_horizon,8,h8,10,4
49,known_visit,DGA,ideal,1.0,19,361,4,10,dga_h8_ideal,known_visit_10target_300.csv,10,True,37.09597712880278,37.09597712880278,0,0,0,70,22,74,0,4,0,0,209,0,293,876,0,74,219,148,145,0.0,29.3,14.5,collision_intent:74;dga_entry:145;state:74,0.1499999999999999,0.12162162162162171,known_visit_horizon,commitment_horizon,8,h8,10,4
50,known_visit,DGA,ideal,1.0,19,361,4,10,dga_h8_ideal,known_visit_10target_300.csv,10,True,29.372635926990792,29.372635926990792,0,0,0,60,17,63,1,2,0,0,162,0,239,714,0,63,176,127,112,0.0,23.9,11.2,collision_intent:63;dga_entry:112;state:64,0.10000000000000009,0.06746031746031744,known_visit_horizon,commitment_horizon,8,h8,10,4
51,known_visit,DGA,ideal,1.0,19,361,4,10,dga_h8_ideal,known_visit_10target_300.csv,10,True,36.667407831535805,36.667407831535805,0,0,0,81,22,85,0,1,0,0,193,0,316,945,0,84,232,169,147,0.0,31.6,14.7,collision_intent:84;dga_entry:147;state:85,0.1499999999999999,0.038235294117647145,known_visit_horizon,commitment_horizon,8,h8,10,4
52,known_visit,DGA,ideal,1.0,19,361,4,10,dga_h8_ideal,known_visit_10target_300.csv,10,True,32.79614652380778,32.79614652380778,1,1,1,71,20,71,4,5,0,0,176,0,265,792,0,72,193,147,118,0.0,26.5,11.8,collision_intent:72;dga_entry:118;state:75,0.25,0.0880281690140845,known_visit_horizon,commitment_horizon,8,h8,10,4
53,known_visit,DGA,ideal,1.0,19,361,4,10,dga_h8_ideal,known_visit_10target_300.csv,10,True,50.871822277812825,50.871822277812825,1,1,1,93,30,95,2,4,0,0,288,0,328,981,0,96,232,193,135,0.0,32.8,13.5,collision_intent:96;dga_entry:135;state:97,0.1499999999999999,0.11315789473684212,known_visit_horizon,commitment_horizon,8,h8,10,4
54,known_visit,DGA,ideal,1.0,19,361,4,10,dga_h8_ideal,known_visit_10target_300.csv,10,True,40.083126527582095,40.083126527582095,0,0,0,69,24,72,1,8,0,0,234,0,316,945,0,72,244,145,171,0.0,31.6,17.1,collision_intent:72;dga_entry:171;state:73,0.10000000000000009,0.16666666666666674,known_visit_horizon,commitment_horizon,8,h8,10,4
55,known_visit,DGA,ideal,1.0,19,361,4,10,dga_h8_ideal,known_visit_10target_300.csv,10,True,48.81537983610814,48.81537983610814,2,2,2,87,29,83,8,5,0,0,281,0,345,1032,0,90,255,181,164,0.0,34.5,16.4,collision_intent:90;dga_entry:164;state:91,0.30000000000000004,0.08734939759036142,known_visit_horizon,commitment_horizon,8,h8,10,4
56,known_visit,DGA,ideal,1.0,19,361,4,10,dga_h8_ideal,known_visit_10target_300.csv,10,True,31.081344969037218,31.081344969037218,0,0,0,51,19,55,0,0,0,0,185,0,187,558,0,54,133,109,78,0.0,18.7,7.8,collision_intent:54;dga_entry:78;state:55,0.25,0.22272727272727266,known_visit_horizon,commitment_horizon,8,h8,10,4
57,known_visit,DGA,ideal,1.0,19,361,4,10,dga_h8_ideal,known_visit_10target_300.csv,10,True,33.90525242152189,33.90525242152189,0,0,0,61,20,65,0,2,0,0,195,0,169,504,0,64,105,129,40,0.0,16.9,4.0,collision_intent:64;dga_entry:40;state:65,0.25,0.14230769230769225,known_visit_horizon,commitment_horizon,8,h8,10,4
58,known_visit,DGA,ideal,1.0,19,361,4,10,dga_h8_ideal,known_visit_10target_300.csv,10,True,56.09414956831562,56.09414956831562,1,1,1,97,33,100,1,5,0,0,326,0,380,1137,0,102,278,203,177,0.0,38.0,17.7,collision_intent:102;dga_entry:177;state:101,0.30000000000000004,0.10000000000000009,known_visit_horizon,commitment_horizon,8,h8,10,4
59,known_visit,DGA,ideal,1.0,19,361,4,10,dga_h8_ideal,known_visit_10target_300.csv,10,True,29.69906053886392,29.69906053886392,0,0,0,66,18,69,1,4,0,0,153,0,278,831,0,69,209,139,139,0.0,27.8,13.9,collision_intent:69;dga_entry:139;state:70,0.10000000000000009,0.0253623188405796,known_visit_horizon,commitment_horizon,8,h8,10,4
60,known_visit,DGA,ideal,1.0,19,361,4,10,dga_h8_ideal,known_visit_10target_300.csv,10,True,31.493081637238515,31.493081637238515,0,0,0,46,19,50,0,2,0,0,197,0,186,555,0,49,137,99,87,0.0,18.6,8.7,collision_intent:49;dga_entry:87;state:50,0.25,0.24,known_visit_horizon,commitment_horizon,8,h8,10,4
61,known_visit,DGA,ideal,1.0,19,361,4,10,dga_h8_ideal,known_visit_10target_300.csv,10,True,26.42389686762224,26.42389686762224,1,1,1,34,16,37,1,1,0,0,171,0,159,474,0,37,122,75,84,0.0,15.9,8.4,collision_intent:37;dga_entry:84;state:38,0.25,0.33108108108108114,known_visit_horizon,commitment_horizon,8,h8,10,4
62,known_visit,DGA,ideal,1.0,19,361,4,10,dga_h8_ideal,known_visit_10target_300.csv,10,True,39.67788178294108,39.67788178294108,0,0,0,51,24,55,0,1,0,0,255,0,219,654,0,54,165,109,110,0.0,21.9,11.0,collision_intent:54;dga_entry:110;state:55,0.3999999999999999,0.3500000000000001,known_visit_horizon,commitment_horizon,8,h8,10,4
63,known_visit,DGA,ideal,1.0,19,361,4,10,dga_h8_ideal,known_visit_10target_300.csv,10,True,37.77005787632555,37.77005787632555,0,0,0,67,21,71,0,2,0,0,216,0,288,861,0,71,217,142,146,0.0,28.8,14.6,collision_intent:71;dga_entry:146;state:71,0.1499999999999999,0.1161971830985915,known_visit_horizon,commitment_horizon,8,h8,10,4
64,known_visit,DGA,ideal,1.0,19,361,4,10,dga_h8_ideal,known_visit_10target_300.csv,10,True,35.24101998861095,35.24101998861095,0,0,0,58,21,62,0,2,0,0,211,0,252,753,0,60,192,122,130,0.0,25.2,13.0,collision_intent:60;dga_entry:130;state:62,0.30000000000000004,0.2661290322580645,known_visit_horizon,commitment_horizon,8,h8,10,4
65,known_visit,DGA,ideal,1.0,19,361,4,10,dga_h8_ideal,known_visit_10target_300.csv,10,True,47.98110215556169,47.98110215556169,0,0,0,100,28,102,2,9,0,0,262,0,405,1212,0,102,303,206,199,0.0,40.5,19.9,collision_intent:102;dga_entry:199;state:104,0.1499999999999999,0.05392156862745101,known_visit_horizon,commitment_horizon,8,h8,10,4
66,known_visit,DGA,ideal,1.0,19,361,4,10,dga_h8_ideal,known_visit_10target_300.csv,10,True,44.596028750563434,44.596028750563434,0,0,0,92,27,95,1,4,0,0,239,0,315,942,0,95,220,191,124,0.0,31.5,12.4,collision_intent:95;dga_entry:124;state:96,0.1499999999999999,0.07105263157894748,known_visit_horizon,commitment_horizon,8,h8,10,4
67,known_visit,DGA,ideal,1.0,19,361,4,10,dga_h8_ideal,known_visit_10target_300.csv,10,True,38.72063090072518,38.72063090072518,0,0,0,79,23,82,1,2,0,0,209,0,224,669,0,81,143,164,60,0.0,22.4,6.0,collision_intent:81;dga_entry:60;state:83,0.25,0.10365853658536595,known_visit_horizon,commitment_horizon,8,h8,10,4
68,known_visit,DGA,ideal,1.0,19,361,4,10,dga_h8_ideal,known_visit_10target_300.csv,10,True,31.489005198450887,31.489005198450887,0,0,0,61,19,64,1,2,0,0,176,0,214,639,0,63,151,128,86,0.0,21.4,8.6,collision_intent:63;dga_entry:86;state:65,0.10000000000000009,0.140625,known_visit_horizon,commitment_horizon,8,h8,10,4
69,known_visit,DGA,ideal,1.0,19,361,4,10,dga_h8_ideal,known_visit_10target_300.csv,10,True,43.2178847857463,43.2178847857463,1,1,1,97,25,97,4,2,6,5,226,0,336,1004,0,105,231,206,130,0.0,33.6,13.0,collision_intent:105;dga_entry:130;state:101,0.30000000000000004,0.028350515463917425,known_visit_horizon,commitment_horizon,8,h8,10,4
70,known_visit,DGA,ideal,1.0,19,361,4,10,dga_h8_ideal,known_visit_10target_300.csv,10,True,39.35014787310126,39.35014787310126,0,0,0,60,23,64,0,3,0,0,238,0,281,840,0,63,218,127,154,0.0,28.1,15.4,collision_intent:63;dga_entry:154;state:64,0.1499999999999999,0.2109375,known_visit_horizon,commitment_horizon,8,h8,10,4
71,known_visit,DGA,ideal,1.0,19,361,4,10,dga_h8_ideal,known_visit_10target_300.csv,10,True,35.02335045180352,35.02335045180352,0,0,0,54,21,58,0,0,0,0,215,0,205,612,0,57,148,115,90,0.0,20.5,9.0,collision_intent:57;dga_entry:90;state:58,0.25,0.25,known_visit_horizon,commitment_horizon,8,h8,10,4
72,known_visit,DGA,ideal,1.0,19,361,4,10,dga_h8_ideal,known_visit_10target_300.csv,10,True,42.003796607998744,42.003796607998744,0,0,0,63,25,66,1,2,0,0,259,0,236,705,0,66,170,133,103,0.0,23.6,10.3,collision_intent:66;dga_entry:103;state:67,0.10000000000000009,0.1742424242424243,known_visit_horizon,commitment_horizon,8,h8,10,4
73,known_visit,DGA,ideal,1.0,19,361,4,10,dga_h8_ideal,known_visit_10target_300.csv,10,True,32.67637671905299,32.67637671905299,0,0,0,75,20,70,9,1,0,0,169,0,288,858,0,77,211,156,132,0.0,28.8,13.2,collision_intent:77;dga_entry:132;state:79,0.30000000000000004,0.12857142857142856,known_visit_horizon,commitment_horizon,8,h8,10,4
74,known_visit,DGA,ideal,1.0,19,361,4,10,dga_h8_ideal,known_visit_10target_300.csv,10,True,34.83917391022254,34.83917391022254,0,0,0,62,21,66,0,0,0,0,202,0,310,927,0,64,246,130,180,0.0,31.0,18.0,collision_intent:64;dga_entry:180;state:66,0.1499999999999999,0.19696969696969702,known_visit_horizon,commitment_horizon,8,h8,10,4
75,known_visit,DGA,ideal,1.0,19,361,4,10,dga_h8_ideal,known_visit_10target_300.csv,10,True,31.383358767167525,31.383358767167525,0,0,0,64,19,67,1,2,0,0,170,0,244,729,0,67,177,135,109,0.0,24.4,10.9,collision_intent:67;dga_entry:109;state:68,0.10000000000000009,0.09328358208955234,known_visit_horizon,commitment_horizon,8,h8,10,4
76,known_visit,DGA,ideal,1.0,19,361,4,10,dga_h8_ideal,known_visit_10target_300.csv,10,True,46.24366673400608,46.24366673400608,0,0,0,94,28,98,0,4,2,2,253,0,308,921,0,100,208,198,110,0.0,30.8,11.0,collision_intent:100;dga_entry:110;state:98,0.10000000000000009,0.08673469387755106,known_visit_horizon,commitment_horizon,8,h8,10,4
77,known_visit,DGA,ideal,1.0,19,361,4,10,dga_h8_ideal,known_visit_10target_300.csv,10,True,34.92462260580684,34.92462260580684,0,0,0,67,20,69,2,6,4,2,190,0,327,978,0,72,255,143,184,0.0,32.7,18.4,collision_intent:72;dga_entry:184;state:71,0.3999999999999999,0.1123188405797102,known_visit_horizon,commitment_horizon,8,h8,10,4
78,known_visit,DGA,ideal,1.0,19,361,4,10,dga_h8_ideal,known_visit_10target_300.csv,10,True,32.39599622534927,32.39599622534927,0,0,0,67,19,71,0,1,0,0,175,0,177,528,0,69,108,140,37,0.0,17.7,3.7,collision_intent:69;dga_entry:37;state:71,0.10000000000000009,0.06690140845070425,known_visit_horizon,commitment_horizon,8,h8,10,4
79,known_visit,DGA,ideal,1.0,19,361,4,10,dga_h8_ideal,known_visit_10target_300.csv,10,True,29.41113879286327,29.41113879286327,0,0,0,69,18,72,1,3,0,0,149,0,255,762,0,70,185,143,112,0.0,25.5,11.2,collision_intent:70;dga_entry:112;state:73,0.25,0.03472222222222232,known_visit_horizon,commitment_horizon,8,h8,10,4
80,known_visit,DGA,ideal,1.0,19,361,4,10,dga_h8_ideal,known_visit_10target_300.csv,10,True,36.867775667650406,36.867775667650406,0,0,0,78,22,72,10,3,0,0,196,0,306,915,0,81,225,163,143,0.0,30.6,14.3,collision_intent:81;dga_entry:143;state:82,0.1499999999999999,0.0625,known_visit_horizon,commitment_horizon,8,h8,10,4
81,known_visit,DGA,ideal,1.0,19,361,4,10,dga_h8_ideal,known_visit_10target_300.csv,10,True,30.17292422601161,30.17292422601161,0,0,0,57,18,61,0,1,0,0,171,0,228,681,0,61,167,122,106,0.0,22.8,10.6,collision_intent:61;dga_entry:106;state:61,0.25,0.15163934426229497,known_visit_horizon,commitment_horizon,8,h8,10,4
82,known_visit,DGA,ideal,1.0,19,361,4,10,dga_h8_ideal,known_visit_10target_300.csv,10,True,39.26598973614004,39.26598973614004,0,0,0,81,23,85,0,2,1,1,211,0,321,960,0,85,236,170,151,0.0,32.1,15.1,collision_intent:85;dga_entry:151;state:85,0.25,0.0676470588235294,known_visit_horizon,commitment_horizon,8,h8,10,4
83,known_visit,DGA,ideal,1.0,19,361,4,10,dga_h8_ideal,known_visit_10target_300.csv,10,True,32.57188022209039,32.57188022209039,0,0,0,53,19,57,0,0,0,0,195,0,195,582,0,55,140,112,83,0.0,19.5,8.3,collision_intent:55;dga_entry:83;state:57,0.3999999999999999,0.25877192982456143,known_visit_horizon,commitment_horizon,8,h8,10,4
84,known_visit,DGA,ideal,1.0,19,361,4,10,dga_h8_ideal,known_visit_10target_300.csv,10,True,35.26506972279514,35.26506972279514,0,0,0,73,21,76,1,1,0,0,190,0,220,657,0,76,144,153,67,0.0,22.0,6.7,collision_intent:76;dga_entry:67;state:77,0.10000000000000009,0.07236842105263164,known_visit_horizon,commitment_horizon,8,h8,10,4
85,known_visit,DGA,ideal,1.0,19,361,4,10,dga_h8_ideal,known_visit_10target_300.csv,10,True,41.36309988731168,41.36309988731168,0,0,0,87,24,91,0,4,1,1,221,0,310,927,0,90,220,181,129,0.0,31.0,12.9,collision_intent:90;dga_entry:129;state:91,0.25,0.052197802197802234,known_visit_horizon,commitment_horizon,8,h8,10,4
86,known_visit,DGA,ideal,1.0,19,361,4,10,dga_h8_ideal,known_visit_10target_300.csv,10,True,32.43323548491711,32.43323548491711,0,0,0,60,19,64,0,3,0,0,184,0,179,534,0,63,116,127,52,0.0,17.9,5.2,collision_intent:63;dga_entry:52;state:64,0.25,0.15625,known_visit_horizon,commitment_horizon,8,h8,10,4
87,known_visit,DGA,ideal,1.0,19,361,4,10,dga_h8_ideal,known_visit_10target_300.csv,10,True,31.302123549502312,31.302123549502312,0,0,0,63,19,67,0,3,0,0,170,0,251,750,0,66,185,133,118,0.0,25.1,11.8,collision_intent:66;dga_entry:118;state:67,0.25,0.10074626865671643,known_visit_horizon,commitment_horizon,8,h8,10,4
88,known_visit,DGA,ideal,1.0,19,361,4,10,dga_h8_ideal,known_visit_10target_300.csv,10,True,42.00097883802797,42.00097883802797,0,0,0,90,25,94,0,4,1,1,224,0,318,951,0,94,224,188,130,0.0,31.8,13.0,collision_intent:94;dga_entry:130;state:94,0.30000000000000004,0.03191489361702127,known_visit_horizon,commitment_horizon,8,h8,10,4
89,known_visit,DGA,ideal,1.0,19,361,4,10,dga_h8_ideal,known_visit_10target_300.csv,10,True,39.55604430821546,39.55604430821546,0,0,0,70,23,74,0,2,0,0,230,0,279,834,0,72,207,146,133,0.0,27.9,13.3,collision_intent:72;dga_entry:133;state:74,0.30000000000000004,0.21621621621621623,known_visit_horizon,commitment_horizon,8,h8,10,4
90,known_visit,DGA,ideal,1.0,19,361,4,10,dga_h8_ideal,known_visit_10target_300.csv,10,True,36.130932324649486,36.130932324649486,0,0,0,66,21,69,1,2,0,0,204,0,253,756,0,70,183,140,113,0.0,25.3,11.3,collision_intent:70;dga_entry:113;state:70,0.25,0.10507246376811596,known_visit_horizon,commitment_horizon,8,h8,10,4
91,known_visit,DGA,ideal,1.0,19,361,4,10,dga_h8_ideal,known_visit_10target_300.csv,10,True,36.0154457527742,36.0154457527742,0,0,0,66,21,70,0,2,0,0,205,0,239,714,0,70,169,140,99,0.0,23.9,9.9,collision_intent:70;dga_entry:99;state:70,0.30000000000000004,0.16428571428571437,known_visit_horizon,commitment_horizon,8,h8,10,4
92,known_visit,DGA,ideal,1.0,19,361,4,10,dga_h8_ideal,known_visit_10target_300.csv,10,True,50.51814063284719,50.51814063284719,0,0,0,102,30,104,2,3,1,1,275,0,344,1029,0,104,240,210,134,0.0,34.4,13.4,collision_intent:104;dga_entry:134;state:106,0.25,0.10096153846153855,known_visit_horizon,commitment_horizon,8,h8,10,4
93,known_visit,DGA,ideal,1.0,19,361,4,10,dga_h8_ideal,known_visit_10target_300.csv,10,True,35.9404127313494,35.9404127313494,0,0,0,73,21,77,0,3,0,0,195,0,308,921,0,76,232,153,155,0.0,30.8,15.5,collision_intent:76;dga_entry:155;state:77,0.25,0.08116883116883122,known_visit_horizon,commitment_horizon,8,h8,10,4
94,known_visit,DGA,ideal,1.0,19,361,4,10,dga_h8_ideal,known_visit_10target_300.csv,10,True,46.75291107050139,46.75291107050139,0,0,0,108,27,108,4,3,0,0,237,0,380,1137,0,110,270,222,158,0.0,38.0,15.8,collision_intent:110;dga_entry:158;state:112,0.25,0.0185185185185186,known_visit_horizon,commitment_horizon,8,h8,10,4
95,known_visit,DGA,ideal,1.0,19,361,4,10,dga_h8_ideal,known_visit_10target_300.csv,10,True,34.56200747006638,34.56200747006638,0,0,0,70,20,74,0,4,0,0,193,0,242,723,0,71,171,145,97,0.0,24.2,9.7,collision_intent:71;dga_entry:97;state:74,0.10000000000000009,0.10135135135135132,known_visit_horizon,commitment_horizon,8,h8,10,4
96,known_visit,DGA,ideal,1.0,19,361,4,10,dga_h8_ideal,known_visit_10target_300.csv,10,True,38.58915142606862,38.58915142606862,0,0,0,68,23,72,0,1,0,0,226,0,271,810,0,70,201,142,129,0.0,27.1,12.9,collision_intent:70;dga_entry:129;state:72,0.10000000000000009,0.1875,known_visit_horizon,commitment_horizon,8,h8,10,4
97,known_visit,DGA,ideal,1.0,19,361,4,10,dga_h8_ideal,known_visit_10target_300.csv,10,True,40.610956549902326,40.610956549902326,0,0,0,77,24,79,2,2,0,0,228,0,300,897,0,79,221,160,140,0.0,30.0,14.0,collision_intent:79;dga_entry:140;state:81,0.25,0.129746835443038,known_visit_horizon,commitment_horizon,8,h8,10,4
98,known_visit,DGA,ideal,1.0,19,361,4,10,dga_h8_ideal,known_visit_10target_300.csv,10,True,40.29699686665045,40.29699686665045,0,0,0,66,24,70,0,1,0,0,240,0,162,483,0,69,93,139,23,0.0,16.2,2.3,collision_intent:69;dga_entry:23;state:70,0.3999999999999999,0.22142857142857153,known_visit_horizon,commitment_horizon,8,h8,10,4
99,known_visit,DGA,ideal,1.0,19,361,4,10,dga_h8_ideal,known_visit_10target_300.csv,10,True,42.12687347312891,42.12687347312891,0,0,0,89,25,93,0,7,1,1,228,0,363,1086,0,92,271,185,178,0.0,36.3,17.8,collision_intent:92;dga_entry:178;state:93,0.30000000000000004,0.07795698924731176,known_visit_horizon,commitment_horizon,8,h8,10,4
100,known_visit,DGA,ideal,1.0,19,361,4,10,dga_h8_ideal,known_visit_10target_300.csv,10,True,28.29010935615079,28.29010935615079,0,0,0,62,17,65,1,3,0,0,151,0,238,711,0,64,174,130,108,0.0,23.8,10.8,collision_intent:64;dga_entry:108;state:66,0.10000000000000009,0.05769230769230771,known_visit_horizon,commitment_horizon,8,h8,10,4
101,known_visit,DGA,ideal,1.0,19,361,4,10,dga_h8_ideal,known_visit_10target_300.csv,10,True,41.004317189433195,41.004317189433195,0,0,0,62,24,66,0,5,0,0,251,0,330,987,0,65,265,131,199,0.0,33.0,19.9,collision_intent:65;dga_entry:199;state:66,0.3999999999999999,0.2272727272727273,known_visit_horizon,commitment_horizon,8,h8,10,4
102,known_visit,DGA,ideal,1.0,19,361,4,10,dga_h8_ideal,known_visit_10target_300.csv,10,True,30.034746303959906,30.034746303959906,0,0,0,48,18,52,0,3,0,0,181,0,199,594,0,51,148,103,96,0.0,19.9,9.6,collision_intent:51;dga_entry:96;state:52,0.25,0.1826923076923077,known_visit_horizon,commitment_horizon,8,h8,10,4
103,known_visit,DGA,ideal,1.0,19,361,4,10,dga_h8_ideal,known_visit_10target_300.csv,10,True,29.123237365109816,29.123237365109816,0,0,0,47,18,51,0,2,0,0,178,0,203,606,0,49,154,100,103,0.0,20.3,10.3,collision_intent:49;dga_entry:103;state:51,0.25,0.24019607843137258,known_visit_horizon,commitment_horizon,8,h8,10,4
104,known_visit,DGA,ideal,1.0,19,361,4,10,dga_h8_ideal,known_visit_10target_300.csv,10,True,35.613703482271106,35.613703482271106,0,0,0,58,21,61,1,3,0,0,215,0,252,753,0,59,193,121,131,0.0,25.2,13.1,collision_intent:59;dga_entry:131;state:62,0.30000000000000004,0.2827868852459017,known_visit_horizon,commitment_horizon,8,h8,10,4
105,known_visit,DGA,ideal,1.0,19,361,4,10,dga_h8_ideal,known_visit_10target_300.csv,10,True,31.559593921585293,31.559593921585293,0,0,0,68,19,72,0,2,0,0,167,0,204,606,0,70,134,142,62,0.0,20.4,6.2,collision_intent:70;dga_entry:62;state:72,0.30000000000000004,0.0625,known_visit_horizon,commitment_horizon,8,h8,10,4
106,known_visit,DGA,ideal,1.0,19,361,4,10,dga_h8_ideal,known_visit_10target_300.csv,10,True,35.23443834104409,35.23443834104409,0,0,0,75,21,79,0,4,0,0,187,0,288,861,0,77,211,156,132,0.0,28.8,13.2,collision_intent:77;dga_entry:132;state:79,0.10000000000000009,0.06012658227848111,known_visit_horizon,commitment_horizon,8,h8,10,4
107,known_visit,DGA,ideal,1.0,19,361,4,10,dga_h8_ideal,known_visit_10target_300.csv,10,True,40.837771024978686,40.837771024978686,0,0,0,85,24,85,4,3,3,2,215,0,270,807,0,91,179,180,90,0.0,27.0,9.0,collision_intent:91;dga_entry:90;state:89,0.10000000000000009,0.10882352941176476,known_visit_horizon,commitment_horizon,8,h8,10,4
108,known_visit,DGA,ideal,1.0,19,361,4,10,dga_h8_ideal,known_visit_10target_300.csv,10,True,28.519874913609314,28.519874913609314,0,0,0,41,17,45,0,1,0,0,180,0,161,480,0,44,117,89,72,0.0,16.1,7.2,collision_intent:44;dga_entry:72;state:45,0.25,0.22777777777777786,known_visit_horizon,commitment_horizon,8,h8,10,4
109,known_visit,DGA,ideal,1.0,19,361,4,10,dga_h8_ideal,known_visit_10target_300.csv,10,True,37.133777579554966,37.133777579554966,0,0,0,70,22,74,0,2,0,0,211,0,218,649,0,73,145,147,71,0.0,21.8,7.1,collision_intent:73;dga_entry:71;state:74,0.25,0.15540540540540548,known_visit_horizon,commitment_horizon,8,h8,10,4
110,known_visit,DGA,ideal,1.0,19,361,4,10,dga_h8_ideal,known_visit_10target_300.csv,10,True,28.484280658952038,28.484280658952038,0,0,0,58,17,62,0,2,0,0,154,0,227,678,0,61,166,123,104,0.0,22.7,10.4,collision_intent:61;dga_entry:104;state:62,0.10000000000000009,0.06451612903225801,known_visit_horizon,commitment_horizon,8,h8,10,4
111,known_visit,DGA,ideal,1.0,19,361,4,10,dga_h8_ideal,known_visit_10target_300.csv,10,True,38.18421185240655,38.18421185240655,0,0,0,81,23,84,1,4,0,0,204,0,280,837,0,84,196,169,111,0.0,28.0,11.1,collision_intent:84;dga_entry:111;state:85,0.1499999999999999,0.029761904761904656,known_visit_horizon,commitment_horizon,8,h8,10,4
112,known_visit,DGA,ideal,1.0,19,361,4,10,dga_h8_ideal,known_visit_10target_300.csv,10,True,47.57496592983199,47.57496592983199,1,1,1,92,28,94,2,4,0,0,263,0,339,1014,0,95,244,191,148,0.0,33.9,14.8,collision_intent:95;dga_entry:148;state:96,0.3500000000000001,0.07978723404255317,known_visit_horizon,commitment_horizon,8,h8,10,4
113,known_visit,DGA,ideal,1.0,19,361,4,10,dga_h8_ideal,known_visit_10target_300.csv,10,True,49.01316360563234,49.01316360563234,1,1,1,97,29,100,1,6,2,2,271,0,358,1071,0,102,256,203,155,0.0,35.8,15.5,collision_intent:102;dga_entry:155;state:101,0.3500000000000001,0.06000000000000005,known_visit_horizon,commitment_horizon,8,h8,10,4
114,known_visit,DGA,ideal,1.0,19,361,4,10,dga_h8_ideal,known_visit_10target_300.csv,10,True,51.09378505198887,51.09378505198887,1,1,1,85,30,84,5,2,0,0,301,0,339,1014,0,87,252,176,163,0.0,33.9,16.3,collision_intent:87;dga_entry:163;state:89,0.44999999999999996,0.25595238095238093,known_visit_horizon,commitment_horizon,8,h8,10,4
115,known_visit,DGA,ideal,1.0,19,361,4,10,dga_h8_ideal,known_visit_10target_300.csv,10,True,29.767766135975013,29.767766135975013,0,0,0,66,18,70,0,6,0,0,157,0,320,957,0,69,251,139,181,0.0,32.0,18.1,collision_intent:69;dga_entry:181;state:70,0.1499999999999999,0.03571428571428581,known_visit_horizon,commitment_horizon,8,h8,10,4
116,known_visit,DGA,ideal,1.0,19,361,4,10,dga_h8_ideal,known_visit_10target_300.csv,10,True,36.9340255925535,36.9340255925535,0,0,0,80,22,84,0,5,2,2,197,0,289,864,0,84,205,168,121,0.0,28.9,12.1,collision_intent:84;dga_entry:121;state:84,0.10000000000000009,0.04761904761904767,known_visit_horizon,commitment_horizon,8,h8,10,4
117,known_visit,DGA,ideal,1.0,19,361,4,10,dga_h8_ideal,known_visit_10target_300.csv,10,True,40.50107120926939,40.50107120926939,1,1,1,88,24,91,1,4,0,0,213,0,321,960,0,91,230,183,138,0.0,32.1,13.8,collision_intent:91;dga_entry:138;state:92,0.1499999999999999,0.041208791208791284,known_visit_horizon,commitment_horizon,8,h8,10,4
118,known_visit,DGA,ideal,1.0,19,361,4,10,dga_h8_ideal,known_visit_10target_300.csv,10,True,48.87115870630443,48.87115870630443,0,0,0,93,28,96,1,4,0,0,276,0,368,1101,0,96,272,193,175,0.0,36.8,17.5,collision_intent:96;dga_entry:175;state:97,0.3500000000000001,0.14583333333333326,known_visit_horizon,commitment_horizon,8,h8,10,4
119,known_visit,DGA,ideal,1.0,19,361,4,10,dga_h8_ideal,known_visit_10target_300.csv,10,True,36.41528313317631,36.41528313317631,0,0,0,78,21,81,1,3,0,0,191,0,292,873,0,83,209,165,127,0.0,29.2,12.7,collision_intent:83;dga_entry:127;state:82,0.25,0.0092592592592593,known_visit_horizon,commitment_horizon,8,h8,10,4
120,known_visit,DGA,ideal,1.0,19,361,4,10,dga_h8_ideal,known_visit_10target_300.csv,10,True,42.52289072794969,42.52289072794969,0,0,0,74,25,78,0,2,2,2,245,0,280,837,0,80,200,158,122,0.0,28.0,12.2,collision_intent:80;dga_entry:122;state:78,0.1499999999999999,0.10256410256410264,known_visit_horizon,commitment_horizon,8,h8,10,4
121,known_visit,DGA,ideal,1.0,19,361,4,10,dga_h8_ideal,known_visit_10target_300.csv,10,True,31.70634969217848,31.70634969217848,1,1,1,57,19,59,2,3,1,1,187,0,271,810,0,59,212,120,151,0.0,27.1,15.1,collision_intent:59;dga_entry:151;state:61,0.25,0.22457627118644075,known_visit_horizon,commitment_horizon,8,h8,10,4
122,known_visit,DGA,ideal,1.0,19,361,4,10,dga_h8_ideal,known_visit_10target_300.csv,10,True,43.94959280903937,43.94959280903937,0,0,0,86,25,90,0,3,2,2,246,0,314,939,0,91,223,181,133,0.0,31.4,13.3,collision_intent:91;dga_entry:133;state:90,0.10000000000000009,0.09444444444444455,known_visit_horizon,commitment_horizon,8,h8,10,4
123,known_visit,DGA,ideal,1.0,19,361,4,10,dga_h8_ideal,known_visit_10target_300.csv,10,True,50.825621907920436,50.825621907920436,0,0,0,94,29,93,5,5,2,2,290,0,398,1191,0,100,298,198,200,0.0,39.8,20.0,collision_intent:100;dga_entry:200;state:98,0.25,0.12096774193548376,known_visit_horizon,commitment_horizon,8,h8,10,4
124,known_visit,DGA,ideal,1.0,19,361,4,10,dga_h8_ideal,known_visit_10target_300.csv,10,True,28.872770340507987,28.872770340507987,0,0,0,68,17,70,2,6,1,1,155,0,304,909,0,69,235,141,163,0.0,30.4,16.3,collision_intent:69;dga_entry:163;state:72,0.30000000000000004,0.021428571428571352,known_visit_horizon,commitment_horizon,8,h8,10,4
125,known_visit,DGA,ideal,1.0,19,361,4,10,dga_h8_ideal,known_visit_10target_300.csv,10,True,38.91383092655693,38.91383092655693,0,0,0,65,23,68,1,2,0,0,231,0,227,678,0,67,160,136,91,0.0,22.7,9.1,collision_intent:67;dga_entry:91;state:69,0.1499999999999999,0.24264705882352944,known_visit_horizon,commitment_horizon,8,h8,10,4
126,known_visit,DGA,ideal,1.0,19,361,4,10,dga_h8_ideal,known_visit_10target_300.csv,10,True,37.944321940453314,37.944321940453314,1,1,1,81,23,82,3,0,0,0,199,0,258,771,0,84,174,169,89,0.0,25.8,8.9,collision_intent:84;dga_entry:89;state:85,0.10000000000000009,0.018292682926829285,known_visit_horizon,commitment_horizon,8,h8,10,4
127,known_visit,DGA,ideal,1.0,19,361,4,10,dga_h8_ideal,known_visit_10target_300.csv,10,True,35.14311924737255,35.14311924737255,0,0,0,68,21,72,0,3,0,0,194,0,255,762,0,71,184,143,112,0.0,25.5,11.2,collision_intent:71;dga_entry:112;state:72,0.30000000000000004,0.13194444444444442,known_visit_horizon,commitment_horizon,8,h8,10,4
128,known_visit,DGA,ideal,1.0,19,361,4,10,dga_h8_ideal,known_visit_10target_300.csv,10,True,47.49833826393662,47.49833826393662,0,0,0,85,25,88,1,2,1,1,276,0,292,873,0,92,200,181,111,0.0,29.2,11.1,collision_intent:92;dga_entry:111;state:89,0.1499999999999999,0.08522727272727271,known_visit_horizon,commitment_horizon,8,h8,10,4
129,known_visit,DGA,ideal,1.0,19,361,4,10,dga_h8_ideal,known_visit_10target_300.csv,10,True,36.680621031983115,36.680621031983115,0,0,0,76,22,76,4,3,0,0,200,0,261,780,0,78,183,158,103,0.0,26.1,10.3,collision_intent:78;dga_entry:103;state:80,0.10000000000000009,0.09868421052631571,known_visit_horizon,commitment_horizon,8,h8,10,4
130,known_visit,DGA,ideal,1.0,19,361,4,10,dga_h8_ideal,known_visit_10target_300.csv,10,True,38.479698307434624,38.479698307434624,0,0,0,76,23,80,0,3,0,0,209,0,247,738,0,79,168,159,88,0.0,24.7,8.8,collision_intent:79;dga_entry:88;state:80,0.10000000000000009,0.08125000000000004,known_visit_horizon,commitment_horizon,8,h8,10,4
131,known_visit,DGA,ideal,1.0,19,361,4,10,dga_h8_ideal,known_visit_10target_300.csv,10,True,36.82359424111085,36.82359424111085,0,0,0,70,22,74,0,4,0,0,207,0,304,909,0,73,231,147,157,0.0,30.4,15.7,collision_intent:73;dga_entry:157;state:74,0.1499999999999999,0.14864864864864868,known_visit_horizon,commitment_horizon,8,h8,10,4
132,known_visit,DGA,ideal,1.0,19,361,4,10,dga_h8_ideal,known_visit_10target_300.csv,10,True,47.38005095100158,47.38005095100158,0,0,0,94,28,98,0,7,2,2,263,0,350,1047,0,98,252,196,154,0.0,35.0,15.4,collision_intent:98;dga_entry:154;state:98,0.25,0.09183673469387754,known_visit_horizon,commitment_horizon,8,h8,10,4
133,known_visit,DGA,ideal,1.0,19,361,4,10,dga_h8_ideal,known_visit_10target_300.csv,10,True,36.63380949261302,36.63380949261302,1,1,1,77,22,76,5,5,0,0,196,0,331,990,0,79,252,160,171,0.0,33.1,17.1,collision_intent:79;dga_entry:171;state:81,0.25,0.05921052631578938,known_visit_horizon,commitment_horizon,8,h8,10,4
134,known_visit,DGA,ideal,1.0,19,361,4,10,dga_h8_ideal,known_visit_10target_300.csv,10,True,34.52445100030303,34.52445100030303,0,0,0,63,21,67,0,5,0,0,201,0,248,741,0,65,183,132,116,0.0,24.8,11.6,collision_intent:65;dga_entry:116;state:67,0.25,0.20522388059701502,known_visit_horizon,commitment_horizon,8,h8,10,4
135,known_visit,DGA,ideal,1.0,19,361,4,10,dga_h8_ideal,known_visit_10target_300.csv,10,True,39.344109571505435,39.344109571505435,0,0,0,70,23,74,0,1,0,0,231,0,229,684,0,74,155,148,81,0.0,22.9,8.1,collision_intent:74;dga_entry:81;state:74,0.25,0.10135135135135132,known_visit_horizon,commitment_horizon,8,h8,10,4
136,known_visit,DGA,ideal,1.0,19,361,4,10,dga_h8_ideal,known_visit_10target_300.csv,10,True,32.90491308999784,32.90491308999784,0,0,0,62,20,66,0,1,0,0,183,0,217,648,0,64,153,130,87,0.0,21.7,8.7,collision_intent:64;dga_entry:87;state:66,0.10000000000000009,0.1287878787878789,known_visit_horizon,commitment_horizon,8,h8,10,4
137,known_visit,DGA,ideal,1.0,19,361,4,10,dga_h8_ideal,known_visit_10target_300.csv,10,True,33.41405899180705,33.41405899180705,0,0,0,64,20,68,0,1,0,0,188,0,221,660,0,68,153,136,85,0.0,22.1,8.5,collision_intent:68;dga_entry:85;state:68,0.10000000000000009,0.10294117647058831,known_visit_horizon,commitment_horizon,8,h8,10,4
138,known_visit,DGA,ideal,1.0,19,361,4,10,dga_h8_ideal,known_visit_10target_300.csv,10,True,46.17055829161589,46.17055829161589,0,0,0,69,27,73,0,0,0,0,283,0,254,759,0,72,182,145,109,0.0,25.4,10.9,collision_intent:72;dga_entry:109;state:73,0.3999999999999999,0.26369863013698636,known_visit_horizon,commitment_horizon,8,h8,10,4
139,known_visit,DGA,ideal,1.0,19,361,4,10,dga_h8_ideal,known_visit_10target_300.csv,10,True,32.30916550244755,32.30916550244755,1,1,1,74,19,74,4,3,0,0,171,0,274,819,0,75,199,153,121,0.0,27.4,12.1,collision_intent:75;dga_entry:121;state:78,0.10000000000000009,0.054054054054053946,known_visit_horizon,commitment_horizon,8,h8,10,4
140,known_visit,DGA,ideal,1.0,19,361,4,10,dga_h8_ideal,known_visit_10target_300.csv,10,True,29.440842185540596,29.440842185540596,0,0,0,60,17,64,0,8,0,0,161,0,292,873,0,63,229,127,165,0.0,29.2,16.5,collision_intent:63;dga_entry:165;state:64,0.1499999999999999,0.0859375,known_visit_horizon,commitment_horizon,8,h8,10,4
141,known_visit,DGA,ideal,1.0,19,361,4,10,dga_h8_ideal,known_visit_10target_300.csv,10,True,38.48225079009727,38.48225079009727,0,0,0,75,23,79,0,0,0,0,213,0,214,639,0,77,137,156,58,0.0,21.4,5.8,collision_intent:77;dga_entry:58;state:79,0.1499999999999999,0.13607594936708867,known_visit_horizon,commitment_horizon,8,h8,10,4
142,known_visit,DGA,ideal,1.0,19,361,4,10,dga_h8_ideal,known_visit_10target_300.csv,10,True,42.103136903908876,42.103136903908876,0,0,0,55,25,59,0,0,0,0,269,0,260,777,0,58,202,117,143,0.0,26.0,14.3,collision_intent:58;dga_entry:143;state:59,0.1499999999999999,0.30932203389830515,known_visit_horizon,commitment_horizon,8,h8,10,4
143,known_visit,DGA,ideal,1.0,19,361,4,10,dga_h8_ideal,known_visit_10target_300.csv,10,True,39.13351600108212,39.13351600108212,0,0,0,67,23,71,0,2,0,0,229,0,250,747,0,70,180,141,109,0.0,25.0,10.9,collision_intent:70;dga_entry:109;state:71,0.25,0.13732394366197176,known_visit_horizon,commitment_horizon,8,h8,10,4
144,known_visit,DGA,ideal,1.0,19,361,4,10,dga_h8_ideal,known_visit_10target_300.csv,10,True,34.923822008339044,34.923822008339044,0,0,0,69,21,72,1,2,0,0,191,0,261,780,0,71,190,144,117,0.0,26.1,11.7,collision_intent:71;dga_entry:117;state:73,0.25,0.13194444444444442,known_visit_horizon,commitment_horizon,8,h8,10,4
145,known_visit,DGA,ideal,1.0,19,361,4,10,dga_h8_ideal,known_visit_10target_300.csv,10,True,54.06733282829541,54.06733282829541,0,0,0,88,32,89,3,7,0,0,320,0,354,1059,0,91,263,183,171,0.0,35.4,17.1,collision_intent:91;dga_entry:171;state:92,0.25,0.2331460674157304,known_visit_horizon,commitment_horizon,8,h8,10,4
146,known_visit,DGA,ideal,1.0,19,361,4,10,dga_h8_ideal,known_visit_10target_300.csv,10,True,36.32409255385201,36.32409255385201,0,0,0,79,22,83,0,1,0,0,190,0,219,654,0,82,137,165,54,0.0,21.9,5.4,collision_intent:82;dga_entry:54;state:83,0.10000000000000009,0.051204819277108404,known_visit_horizon,commitment_horizon,8,h8,10,4
147,known_visit,DGA,ideal,1.0,19,361,4,10,dga_h8_ideal,known_visit_10target_300.csv,10,True,38.75898265907266,38.75898265907266,0,0,0,63,23,67,0,4,0,0,232,0,290,867,0,65,225,132,158,0.0,29.0,15.8,collision_intent:65;dga_entry:158;state:67,0.25,0.2649253731343284,known_visit_horizon,commitment_horizon,8,h8,10,4
148,known_visit,DGA,ideal,1.0,19,361,4,10,dga_h8_ideal,known_visit_10target_300.csv,10,True,39.256553542295904,39.256553542295904,0,0,0,88,23,89,3,3,0,0,205,0,295,879,0,89,206,181,114,0.0,29.5,11.4,collision_intent:89;dga_entry:114;state:92,0.25,0.03651685393258419,known_visit_horizon,commitment_horizon,8,h8,10,4
149,known_visit,DGA,ideal,1.0,19,361,4,10,dga_h8_ideal,known_visit_10target_300.csv,10,True,30.130196081661914,30.130196081661914,0,0,0,66,18,70,0,2,0,0,164,0,209,624,0,67,142,137,72,0.0,20.9,7.2,collision_intent:67;dga_entry:72;state:70,0.10000000000000009,0.06428571428571428,known_visit_horizon,commitment_horizon,8,h8,10,4
150,known_visit,DGA,ideal,1.0,19,361,4,10,dga_h8_ideal,known_visit_10target_300.csv,10,True,34.0525109864433,34.0525109864433,0,0,0,75,20,77,2,2,1,1,178,0,282,841,0,79,203,158,124,0.0,28.2,12.4,collision_intent:79;dga_entry:124;state:79,0.10000000000000009,0.03571428571428581,known_visit_horizon,commitment_horizon,8,h8,10,4
151,known_visit,DGA,ideal,1.0,19,361,4,10,dga_h8_ideal,known_visit_10target_300.csv,10,True,37.90746510231045,37.90746510231045,0,0,0,84,22,87,1,3,0,0,199,0,266,795,0,87,179,175,91,0.0,26.6,9.1,collision_intent:87;dga_entry:91;state:88,0.10000000000000009,0.02011494252873569,known_visit_horizon,commitment_horizon,8,h8,10,4
152,known_visit,DGA,ideal,1.0,19,361,4,10,dga_h8_ideal,known_visit_10target_300.csv,10,True,28.647604910931815,28.647604910931815,0,0,0,48,17,52,0,0,0,0,174,0,213,636,0,50,163,102,111,0.0,21.3,11.1,collision_intent:50;dga_entry:111;state:52,0.3999999999999999,0.20192307692307687,known_visit_horizon,commitment_horizon,8,h8,10,4
153,known_visit,DGA,ideal,1.0,19,361,4,10,dga_h8_ideal,known_visit_10target_300.csv,10,True,35.65715538607634,35.65715538607634,0,0,0,56,21,60,0,2,0,0,216,0,204,609,0,59,145,119,85,0.0,20.4,8.5,collision_intent:59;dga_entry:85;state:60,0.30000000000000004,0.2749999999999999,known_visit_horizon,commitment_horizon,8,h8,10,4
154,known_visit,DGA,ideal,1.0,19,361,4,10,dga_h8_ideal,known_visit_10target_300.csv,10,True,31.26170244048493,31.26170244048493,0,0,0,54,19,57,1,0,0,0,181,0,155,462,0,57,98,115,40,0.0,15.5,4.0,collision_intent:57;dga_entry:40;state:58,0.1499999999999999,0.15350877192982448,known_visit_horizon,commitment_horizon,8,h8,10,4
155,known_visit,DGA,ideal,1.0,19,361,4,10,dga_h8_ideal,known_visit_10target_300.csv,10,True,38.80971957133152,38.80971957133152,0,0,0,75,23,79,0,4,0,0,218,0,310,927,0,77,233,156,154,0.0,31.0,15.4,collision_intent:77;dga_entry:154;state:79,0.1499999999999999,0.13607594936708867,known_visit_horizon,commitment_horizon,8,h8,10,4
156,known_visit,DGA,ideal,1.0,19,361,4,10,dga_h8_ideal,known_visit_10target_300.csv,10,True,40.948392260859166,40.948392260859166,0,0,0,80,24,82,2,2,0,0,233,0,254,759,0,83,171,167,87,0.0,25.4,8.7,collision_intent:83;dga_entry:87;state:84,0.30000000000000004,0.11585365853658547,known_visit_horizon,commitment_horizon,8,h8,10,4
157,known_visit,DGA,ideal,1.0,19,361,4,10,dga_h8_ideal,known_visit_10target_300.csv,10,True,36.615957937242385,36.615957937242385,0,0,0,69,22,73,0,3,0,0,211,0,289,864,0,71,218,144,145,0.0,28.9,14.5,collision_intent:71;dga_entry:145;state:73,0.3500000000000001,0.15410958904109595,known_visit_horizon,commitment_horizon,8,h8,10,4
158,known_visit,DGA,ideal,1.0,19,361,4,10,dga_h8_ideal,known_visit_10target_300.csv,10,True,42.01334780116992,42.01334780116992,2,2,2,98,25,100,2,7,1,1,211,0,411,1230,0,99,312,201,210,0.0,41.1,21.0,collision_intent:99;dga_entry:210;state:102,0.30000000000000004,0.014999999999999902,known_visit_horizon,commitment_horizon,8,h8,10,4
159,known_visit,DGA,ideal,1.0,19,361,4,10,dga_h8_ideal,known_visit_10target_300.csv,10,True,44.37018663997289,44.37018663997289,0,0,0,84,26,82,6,5,1,1,250,0,344,1029,0,89,255,177,167,0.0,34.4,16.7,collision_intent:89;dga_entry:167;state:88,0.25,0.11585365853658547,known_visit_horizon,commitment_horizon,8,h8,10,4
160,known_visit,DGA,ideal,1.0,19,361,4,10,dga_h8_ideal,known_visit_10target_300.csv,10,True,31.950007641657272,31.950007641657272,0,0,0,60,19,64,0,0,0,0,186,0,222,663,0,63,159,127,95,0.0,22.2,9.5,collision_intent:63;dga_entry:95;state:64,0.1499999999999999,0.078125,known_visit_horizon,commitment_horizon,8,h8,10,4
161,known_visit,DGA,ideal,1.0,19,361,4,10,dga_h8_ideal,known_visit_10target_300.csv,10,True,38.56459084594379,38.56459084594379,0,0,0,77,23,81,0,4,0,0,209,0,323,966,0,80,243,161,162,0.0,32.3,16.2,collision_intent:80;dga_entry:162;state:81,0.25,0.07098765432098775,known_visit_horizon,commitment_horizon,8,h8,10,4
162,known_visit,DGA,ideal,1.0,19,361,4,10,dga_h8_ideal,known_visit_10target_300.csv,10,True,39.30385541986195,39.30385541986195,0,0,0,52,23,56,0,1,0,0,252,0,243,726,0,54,189,110,133,0.0,24.3,13.3,collision_intent:54;dga_entry:133;state:56,0.30000000000000004,0.3214285714285714,known_visit_horizon,commitment_horizon,8,h8,10,4
163,known_visit,DGA,ideal,1.0,19,361,4,10,dga_h8_ideal,known_visit_10target_300.csv,10,True,37.15973687092684,37.15973687092684,0,0,0,77,22,81,0,3,0,0,198,0,286,855,0,82,204,163,123,0.0,28.6,12.3,collision_intent:82;dga_entry:123;state:81,0.10000000000000009,0.04012345679012341,known_visit_horizon,commitment_horizon,8,h8,10,4
164,known_visit,DGA,ideal,1.0,19,361,4,10,dga_h8_ideal,known_visit_10target_300.csv,10,True,40.04286237738739,40.04286237738739,0,0,0,64,24,68,0,2,0,0,238,0,237,708,0,66,171,134,103,0.0,23.7,10.3,collision_intent:66;dga_entry:103;state:68,0.25,0.25735294117647056,known_visit_horizon,commitment_horizon,8,h8,10,4
165,known_visit,DGA,ideal,1.0,19,361,4,10,dga_h8_ideal,known_visit_10target_300.csv,10,True,46.9212462212983,46.9212462212983,0,0,0,91,28,90,5,3,0,0,259,0,314,939,0,93,221,188,126,0.0,31.4,12.6,collision_intent:93;dga_entry:126;state:95,0.1499999999999999,0.13888888888888884,known_visit_horizon,commitment_horizon,8,h8,10,4
166,known_visit,DGA,ideal,1.0,19,361,4,10,dga_h8_ideal,known_visit_10target_300.csv,10,True,36.60337642958648,36.60337642958648,0,0,0,66,22,68,2,0,0,0,209,0,222,663,0,68,154,138,84,0.0,22.2,8.4,collision_intent:68;dga_entry:84;state:70,0.10000000000000009,0.1691176470588236,known_visit_horizon,commitment_horizon,8,h8,10,4
167,known_visit,DGA,ideal,1.0,19,361,4,10,dga_h8_ideal,known_visit_10target_300.csv,10,True,38.20294475866057,38.20294475866057,0,0,0,59,23,63,0,1,0,0,230,0,178,531,0,62,116,125,53,0.0,17.8,5.3,collision_intent:62;dga_entry:53;state:63,0.3500000000000001,0.22619047619047628,known_visit_horizon,commitment_horizon,8,h8,10,4
168,known_visit,DGA,ideal,1.0,19,361,4,10,dga_h8_ideal,known_visit_10target_300.csv,10,True,44.840874136839425,44.840874136839425,0,0,0,99,26,100,3,5,2,2,239,0,345,1032,0,103,242,206,139,0.0,34.5,13.9,collision_intent:103;dga_entry:139;state:103,0.25,0.040000000000000036,known_visit_horizon,commitment_horizon,8,h8,10,4
169,known_visit,DGA,ideal,1.0,19,361,4,10,dga_h8_ideal,known_visit_10target_300.csv,10,True,33.235394828607355,33.235394828607355,0,0,0,56,20,60,0,1,0,0,197,0,192,573,0,59,133,119,73,0.0,19.2,7.3,collision_intent:59;dga_entry:73;state:60,0.30000000000000004,0.18333333333333335,known_visit_horizon,commitment_horizon,8,h8,10,4
170,known_visit,DGA,ideal,1.0,19,361,4,10,dga_h8_ideal,known_visit_10target_300.csv,10,True,43.48388836671384,43.48388836671384,0,0,0,77,26,81,0,5,1,1,252,0,289,864,0,81,208,162,127,0.0,28.9,12.7,collision_intent:81;dga_entry:127;state:81,0.10000000000000009,0.1450617283950617,known_visit_horizon,commitment_horizon,8,h8,10,4
171,known_visit,DGA,ideal,1.0,19,361,4,10,dga_h8_ideal,known_visit_10target_300.csv,10,True,40.256319680419644,40.256319680419644,0,0,0,90,24,92,2,4,1,1,211,0,337,1008,0,93,244,187,150,0.0,33.7,15.0,collision_intent:93;dga_entry:150;state:94,0.3999999999999999,0.03804347826086962,known_visit_horizon,commitment_horizon,8,h8,10,4
172,known_visit,DGA,ideal,1.0,19,361,4,10,dga_h8_ideal,known_visit_10target_300.csv,10,True,27.91386334709736,27.91386334709736,0,0,0,63,17,67,0,0,0,0,145,0,186,555,0,64,122,131,55,0.0,18.6,5.5,collision_intent:64;dga_entry:55;state:67,0.25,0.033582089552238736,known_visit_horizon,commitment_horizon,8,h8,10,4
173,known_visit,DGA,ideal,1.0,19,361,4,10,dga_h8_ideal,known_visit_10target_300.csv,10,True,39.94656182049968,39.94656182049968,0,0,0,87,24,91,0,2,1,1,209,0,273,816,0,91,182,182,91,0.0,27.3,9.1,collision_intent:91;dga_entry:91;state:91,0.1499999999999999,0.04670329670329676,known_visit_horizon,commitment_horizon,8,h8,10,4
174,known_visit,DGA,ideal,1.0,19,361,4,10,dga_h8_ideal,known_visit_10target_300.csv,10,True,37.116282378590164,37.116282378590164,0,0,0,71,22,75,0,1,0,0,210,0,235,702,0,74,161,149,86,0.0,23.5,8.6,collision_intent:74;dga_entry:86;state:75,0.3500000000000001,0.1499999999999999,known_visit_horizon,commitment_horizon,8,h8,10,4
175,known_visit,DGA,ideal,1.0,19,361,4,10,dga_h8_ideal,known_visit_10target_300.csv,10,True,43.49559385100945,43.49559385100945,0,0,0,92,26,96,0,3,4,4,233,0,368,1101,0,96,272,192,176,0.0,36.8,17.6,collision_intent:96;dga_entry:176;state:96,0.25,0.0625,known_visit_horizon,commitment_horizon,8,h8,10,4
176,known_visit,DGA,ideal,1.0,19,361,4,10,dga_h8_ideal,known_visit_10target_300.csv,10,True,37.83245889155824,37.83245889155824,0,0,0,74,23,76,2,1,0,0,208,0,209,624,0,77,132,155,54,0.0,20.9,5.4,collision_intent:77;dga_entry:54;state:78,0.25,0.13815789473684204,known_visit_horizon,commitment_horizon,8,h8,10,4
177,known_visit,DGA,ideal,1.0,19,361,4,10,dga_h8_ideal,known_visit_10target_300.csv,10,True,33.6514607076861,33.6514607076861,1,1,1,72,20,75,1,2,0,0,181,0,283,846,0,73,210,149,134,0.0,28.3,13.4,collision_intent:73;dga_entry:134;state:76,0.25,0.07666666666666666,known_visit_horizon,commitment_horizon,8,h8,10,4
178,known_visit,DGA,ideal,1.0,19,361,4,10,dga_h8_ideal,known_visit_10target_300.csv,10,True,29.21469568673864,29.21469568673864,0,0,0,59,18,62,1,2,0,0,160,0,215,642,0,62,153,125,90,0.0,21.5,9.0,collision_intent:62;dga_entry:90;state:63,0.30000000000000004,0.12096774193548376,known_visit_horizon,commitment_horizon,8,h8,10,4
179,known_visit,DGA,ideal,1.0,19,361,4,10,dga_h8_ideal,known_visit_10target_300.csv,10,True,35.22888389454554,35.22888389454554,0,0,0,55,21,59,0,1,0,0,214,0,189,564,0,58,131,117,72,0.0,18.9,7.2,collision_intent:58;dga_entry:72;state:59,0.25,0.2584745762711864,known_visit_horizon,commitment_horizon,8,h8,10,4
180,known_visit,DGA,ideal,1.0,19,361,4,10,dga_h8_ideal,known_visit_10target_300.csv,10,True,38.76297780317134,38.76297780317134,0,0,0,58,23,62,0,1,0,0,239,0,240,717,0,61,179,123,117,0.0,24.0,11.7,collision_intent:61;dga_entry:117;state:62,0.10000000000000009,0.25,known_visit_horizon,commitment_horizon,8,h8,10,4
181,known_visit,DGA,ideal,1.0,19,361,4,10,dga_h8_ideal,known_visit_10target_300.csv,10,True,56.63130228802917,56.63130228802917,0,0,0,109,33,105,8,5,0,0,312,0,402,1203,0,113,289,226,176,0.0,40.2,17.6,collision_intent:113;dga_entry:176;state:113,0.10000000000000009,0.12142857142857144,known_visit_horizon,commitment_horizon,8,h8,10,4
182,known_visit,DGA,ideal,1.0,19,361,4,10,dga_h8_ideal,known_visit_10target_300.csv,10,True,40.628850977466314,40.628850977466314,0,0,0,81,24,73,12,5,0,0,225,0,380,1137,0,82,298,167,213,0.0,38.0,21.3,collision_intent:82;dga_entry:213;state:85,0.3500000000000001,0.17465753424657526,known_visit_horizon,commitment_horizon,8,h8,10,4
183,known_visit,DGA,ideal,1.0,19,361,4,10,dga_h8_ideal,known_visit_10target_300.csv,10,True,35.219961068193825,35.219961068193825,1,1,1,81,21,83,2,2,0,0,180,0,327,974,0,83,244,168,159,0.0,32.7,15.9,collision_intent:83;dga_entry:159;state:85,0.25,0.027108433734939652,known_visit_horizon,commitment_horizon,8,h8,10,4
184,known_visit,DGA,ideal,1.0,19,361,4,10,dga_h8_ideal,known_visit_10target_300.csv,10,True,36.07740099571265,36.07740099571265,0,0,0,72,21,76,0,3,1,1,201,0,295,882,0,77,218,153,142,0.0,29.5,14.2,collision_intent:77;dga_entry:142;state:76,0.1499999999999999,0.03947368421052633,known_visit_horizon,commitment_horizon,8,h8,10,4
185,known_visit,DGA,ideal,1.0,19,361,4,10,dga_h8_ideal,known_visit_10target_300.csv,10,True,38.9349400880471,38.9349400880471,0,0,0,86,23,88,2,1,0,0,201,0,234,699,0,90,144,180,54,0.0,23.4,5.4,collision_intent:90;dga_entry:54;state:90,0.10000000000000009,0.03977272727272729,known_visit_horizon,commitment_horizon,8,h8,10,4
186,known_visit,DGA,ideal,1.0,19,361,4,10,dga_h8_ideal,known_visit_10target_300.csv,10,True,42.20454911216178,42.20454911216178,1,1,1,84,25,83,5,6,0,0,231,0,325,972,0,88,237,176,149,0.0,32.5,14.9,collision_intent:88;dga_entry:149;state:88,0.25,0.09939759036144569,known_visit_horizon,commitment_horizon,8,h8,10,4
187,known_visit,DGA,ideal,1.0,19,361,4,10,dga_h8_ideal,known_visit_10target_300.csv,10,True,45.65748961184212,45.65748961184212,1,1,1,104,27,101,7,8,3,3,244,0,393,1176,0,108,285,216,177,0.0,39.3,17.7,collision_intent:108;dga_entry:177;state:108,0.25,0.022277227722772297,known_visit_horizon,commitment_horizon,8,h8,10,4
188,known_visit,DGA,ideal,1.0,19,361,4,10,dga_h8_ideal,known_visit_10target_300.csv,10,True,31.419617235124992,31.419617235124992,0,0,0,55,19,59,0,1,0,0,182,0,192,573,0,58,134,117,75,0.0,19.2,7.5,collision_intent:58;dga_entry:75;state:59,0.10000000000000009,0.13983050847457634,known_visit_horizon,commitment_horizon,8,h8,10,4
189,known_visit,DGA,ideal,1.0,19,361,4,10,dga_h8_ideal,known_visit_10target_300.csv,10,True,39.80685882132263,39.80685882132263,0,0,0,66,24,70,0,0,0,0,237,0,201,600,0,69,132,139,62,0.0,20.1,6.2,collision_intent:69;dga_entry:62;state:70,0.44999999999999996,0.25,known_visit_horizon,commitment_horizon,8,h8,10,4
190,known_visit,DGA,ideal,1.0,19,361,4,10,dga_h8_ideal,known_visit_10target_300.csv,10,True,27.863462542043738,27.863462542043738,0,0,0,54,17,58,0,0,0,0,158,0,194,579,0,58,136,116,78,0.0,19.4,7.8,collision_intent:58;dga_entry:78;state:58,0.10000000000000009,0.10344827586206895,known_visit_horizon,commitment_horizon,8,h8,10,4
191,known_visit,DGA,ideal,1.0,19,361,4,10,dga_h8_ideal,known_visit_10target_300.csv,10,True,36.925719486094245,36.925719486094245,0,0,0,82,22,84,2,1,0,0,190,0,254,759,0,83,171,169,85,0.0,25.4,8.5,collision_intent:83;dga_entry:85;state:86,0.10000000000000009,0.06547619047619047,known_visit_horizon,commitment_horizon,8,h8,10,4
192,known_visit,DGA,ideal,1.0,19,361,4,10,dga_h8_ideal,known_visit_10target_300.csv,10,True,29.912566006934554,29.912566006934554,0,0,0,61,18,65,0,2,0,0,166,0,193,576,0,64,129,129,64,0.0,19.3,6.4,collision_intent:64;dga_entry:64;state:65,0.10000000000000009,0.07307692307692304,known_visit_horizon,commitment_horizon,8,h8,10,4
193,known_visit,DGA,ideal,1.0,19,361,4,10,dga_h8_ideal,known_visit_10target_300.csv,10,True,43.14017051529497,43.14017051529497,0,0,0,64,26,68,0,0,0,0,266,0,203,606,0,67,136,135,68,0.0,20.3,6.8,collision_intent:67;dga_entry:68;state:68,0.3999999999999999,0.28676470588235303,known_visit_horizon,commitment_horizon,8,h8,10,4
194,known_visit,DGA,ideal,1.0,19,361,4,10,dga_h8_ideal,known_visit_10target_300.csv,10,True,35.3369947696731,35.3369947696731,0,0,0,65,21,69,0,2,0,0,203,0,250,747,0,67,183,136,114,0.0,25.0,11.4,collision_intent:67;dga_entry:114;state:69,0.25,0.1847826086956521,known_visit_horizon,commitment_horizon,8,h8,10,4
195,known_visit,DGA,ideal,1.0,19,361,4,10,dga_h8_ideal,known_visit_10target_300.csv,10,True,26.228774892325227,26.228774892325227,0,0,0,53,16,56,1,0,0,0,148,0,186,555,0,56,130,113,73,0.0,18.6,7.3,collision_intent:56;dga_entry:73;state:57,0.10000000000000009,0.0714285714285714,known_visit_horizon,commitment_horizon,8,h8,10,4
196,known_visit,DGA,ideal,1.0,19,361,4,10,dga_h8_ideal,known_visit_10target_300.csv,10,True,40.738696063904904,40.738696063904904,1,1,1,88,24,87,5,5,0,0,220,0,321,960,0,89,232,181,140,0.0,32.1,14.0,collision_intent:89;dga_entry:140;state:92,0.25,0.07183908045977017,known_visit_horizon,commitment_horizon,8,h8,10,4
197,known_visit,DGA,ideal,1.0,19,361,4,10,dga_h8_ideal,known_visit_10target_300.csv,10,True,34.3980183708528,34.3980183708528,0,0,0,70,21,74,0,3,0,0,186,0,200,597,0,73,127,147,53,0.0,20.0,5.3,collision_intent:73;dga_entry:53;state:74,0.10000000000000009,0.10135135135135132,known_visit_horizon,commitment_horizon,8,h8,10,4
198,known_visit,DGA,ideal,1.0,19,361,4,10,dga_h8_ideal,known_visit_10target_300.csv,10,True,33.859098766629266,33.859098766629266,0,0,0,58,20,61,1,2,2,2,203,0,209,624,0,62,147,124,85,0.0,20.9,8.5,collision_intent:62;dga_entry:85;state:62,0.10000000000000009,0.18442622950819665,known_visit_horizon,commitment_horizon,8,h8,10,4
199,known_visit,DGA,ideal,1.0,19,361,4,10,dga_h8_ideal,known_visit_10target_300.csv,10,True,34.87220584951813,34.87220584951813,0,0,0,71,21,74,1,2,0,0,189,0,278,828,0,75,203,150,128,0.0,27.8,12.8,collision_intent:75;dga_entry:128;state:75,0.25,0.11486486486486491,known_visit_horizon,commitment_horizon,8,h8,10,4
200,known_visit,DGA,ideal,1.0,19,361,4,10,dga_h8_ideal,known_visit_10target_300.csv,10,True,31.0850913305996,31.0850913305996,0,0,0,60,19,64,0,1,0,0,176,0,169,504,0,62,107,126,43,0.0,16.9,4.3,collision_intent:62;dga_entry:43;state:64,0.3500000000000001,0.140625,known_visit_horizon,commitment_horizon,8,h8,10,4
201,known_visit,DGA,ideal,1.0,19,361,4,10,dga_h8_ideal,known_visit_10target_300.csv,10,True,31.90444510320081,31.90444510320081,0,0,0,71,19,74,1,2,0,0,170,0,224,669,0,73,151,148,76,0.0,22.4,7.6,collision_intent:73;dga_entry:76;state:75,0.10000000000000009,0.04054054054054057,known_visit_horizon,commitment_horizon,8,h8,10,4
202,known_visit,DGA,ideal,1.0,19,361,4,10,dga_h8_ideal,known_visit_10target_300.csv,10,True,28.532726575993927,28.532726575993927,0,0,0,61,17,64,1,1,0,0,153,0,155,462,0,64,91,129,26,0.0,15.5,2.6,collision_intent:64;dga_entry:26;state:65,0.25,0.046875,known_visit_horizon,commitment_horizon,8,h8,10,4
203,known_visit,DGA,ideal,1.0,19,361,4,10,dga_h8_ideal,known_visit_10target_300.csv,10,True,46.75467302321611,46.75467302321611,3,3,3,107,28,102,9,7,1,1,245,0,422,1263,0,109,313,220,202,0.0,42.2,20.2,collision_intent:109;dga_entry:202;state:111,0.44999999999999996,0.06372549019607843,known_visit_horizon,commitment_horizon,8,h8,10,4
204,known_visit,DGA,ideal,1.0,19,361,4,10,dga_h8_ideal,known_visit_10target_300.csv,10,True,41.12810143629114,41.12810143629114,0,0,0,84,23,87,1,3,3,2,220,0,249,744,0,90,159,178,71,0.0,24.9,7.1,collision_intent:90;dga_entry:71;state:88,0.1499999999999999,0.02011494252873569,known_visit_horizon,commitment_horizon,8,h8,10,4
205,known_visit,DGA,ideal,1.0,19,361,4,10,dga_h8_ideal,known_visit_10target_300.csv,10,True,45.62876183565251,45.62876183565251,2,2,2,97,27,98,3,5,2,2,243,0,334,996,0,100,234,201,133,0.0,33.4,13.3,collision_intent:100;dga_entry:133;state:101,0.30000000000000004,0.030612244897959107,known_visit_horizon,commitment_horizon,8,h8,10,4
206,known_visit,DGA,ideal,1.0,19,361,4,10,dga_h8_ideal,known_visit_10target_300.csv,10,True,46.90286785887241,46.90286785887241,3,3,3,89,25,85,8,2,0,0,260,0,332,993,0,93,239,186,146,0.0,33.2,14.6,collision_intent:93;dga_entry:146;state:93,0.3500000000000001,0.138235294117647,known_visit_horizon,commitment_horizon,8,h8,10,4
207,known_visit,DGA,ideal,1.0,19,361,4,10,dga_h8_ideal,known_visit_10target_300.csv,10,True,35.392079417694205,35.392079417694205,0,0,0,65,21,69,0,1,0,0,203,0,201,600,0,66,135,135,66,0.0,20.1,6.6,collision_intent:66;dga_entry:66;state:69,0.3500000000000001,0.19927536231884058,known_visit_horizon,commitment_horizon,8,h8,10,4
208,known_visit,DGA,ideal,1.0,19,361,4,10,dga_h8_ideal,known_visit_10target_300.csv,10,True,39.15484681290932,39.15484681290932,0,0,0,88,23,91,1,4,1,1,204,0,355,1056,0,93,262,185,170,0.0,35.5,17.0,collision_intent:93;dga_entry:170;state:92,0.30000000000000004,0.030219780219780112,known_visit_horizon,commitment_horizon,8,h8,10,4
209,known_visit,DGA,ideal,1.0,19,361,4,10,dga_h8_ideal,known_visit_10target_300.csv,10,True,33.413687602570015,33.413687602570015,0,0,0,79,20,83,0,3,1,1,174,0,289,864,0,80,209,163,126,0.0,28.9,12.6,collision_intent:80;dga_entry:126;state:83,0.25,0.009036144578313143,known_visit_horizon,commitment_horizon,8,h8,10,4
210,known_visit,DGA,ideal,1.0,19,361,4,10,dga_h8_ideal,known_visit_10target_300.csv,10,True,38.44280052785106,38.44280052785106,0,0,0,81,23,83,2,6,0,0,204,0,349,1044,0,84,265,169,180,0.0,34.9,18.0,collision_intent:84;dga_entry:180;state:85,0.25,0.08132530120481918,known_visit_horizon,commitment_horizon,8,h8,10,4
211,known_visit,DGA,ideal,1.0,19,361,4,10,dga_h8_ideal,known_visit_10target_300.csv,10,True,37.32112844563455,37.32112844563455,0,0,0,78,22,82,0,5,0,0,203,0,281,840,0,80,201,162,119,0.0,28.1,11.9,collision_intent:80;dga_entry:119;state:82,0.25,0.08536585365853666,known_visit_horizon,commitment_horizon,8,h8,10,4
212,known_visit,DGA,ideal,1.0,19,361,4,10,dga_h8_ideal,known_visit_10target_300.csv,10,True,31.534416444882606,31.534416444882606,0,0,0,60,19,63,1,2,0,0,181,0,264,789,0,63,201,127,137,0.0,26.4,13.7,collision_intent:63;dga_entry:137;state:64,0.25,0.07539682539682535,known_visit_horizon,commitment_horizon,8,h8,10,4
213,known_visit,DGA,ideal,1.0,19,361,4,10,dga_h8_ideal,known_visit_10target_300.csv,10,True,38.409768811071395,38.409768811071395,0,0,0,77,23,80,1,4,0,0,209,0,286,855,0,80,206,161,125,0.0,28.6,12.5,collision_intent:80;dga_entry:125;state:81,0.10000000000000009,0.05624999999999991,known_visit_horizon,commitment_horizon,8,h8,10,4
214,known_visit,DGA,ideal,1.0,19,361,4,10,dga_h8_ideal,known_visit_10target_300.csv,10,True,35.06584188076858,35.06584188076858,0,0,0,73,21,75,2,0,0,0,191,0,196,585,0,75,121,152,44,0.0,19.6,4.4,collision_intent:75;dga_entry:44;state:77,0.1499999999999999,0.1100000000000001,known_visit_horizon,commitment_horizon,8,h8,10,4
215,known_visit,DGA,ideal,1.0,19,361,4,10,dga_h8_ideal,known_visit_10target_300.csv,10,True,31.75567765197955,31.75567765197955,0,0,0,60,19,64,0,0,0,0,180,0,182,543,0,63,119,127,55,0.0,18.2,5.5,collision_intent:63;dga_entry:55;state:64,0.25,0.1484375,known_visit_horizon,commitment_horizon,8,h8,10,4
216,known_visit,DGA,ideal,1.0,19,361,4,10,dga_h8_ideal,known_visit_10target_300.csv,10,True,44.04338304774947,44.04338304774947,0,0,0,91,26,94,1,1,3,3,242,0,302,903,0,97,205,192,110,0.0,30.2,11.0,collision_intent:97;dga_entry:110;state:95,0.1499999999999999,0.05319148936170204,known_visit_horizon,commitment_horizon,8,h8,10,4
217,known_visit,DGA,ideal,1.0,19,361,4,10,dga_h8_ideal,known_visit_10target_300.csv,10,True,47.89244428177848,47.89244428177848,0,0,0,110,28,110,4,6,0,0,243,0,413,1236,0,111,302,225,188,0.0,41.3,18.8,collision_intent:111;dga_entry:188;state:114,0.25,0.013636363636363669,known_visit_horizon,commitment_horizon,8,h8,10,4
218,known_visit,DGA,ideal,1.0,19,361,4,10,dga_h8_ideal,known_visit_10target_300.csv,10,True,40.1521594185363,40.1521594185363,0,0,0,53,24,57,0,1,0,0,256,0,227,678,0,56,171,113,114,0.0,22.7,11.4,collision_intent:56;dga_entry:114;state:57,0.5,0.36403508771929816,known_visit_horizon,commitment_horizon,8,h8,10,4
219,known_visit,DGA,ideal,1.0,19,361,4,10,dga_h8_ideal,known_visit_10target_300.csv,10,True,31.45834910782335,31.45834910782335,0,0,0,66,19,68,2,1,0,0,168,0,234,699,0,69,165,139,95,0.0,23.4,9.5,collision_intent:69;dga_entry:95;state:70,0.10000000000000009,0.03676470588235303,known_visit_horizon,commitment_horizon,8,h8,10,4
220,known_visit,DGA,ideal,1.0,19,361,4,10,dga_h8_ideal,known_visit_10target_300.csv,10,True,27.54182681505579,27.54182681505579,0,0,0,48,17,52,0,1,0,0,162,0,203,606,0,51,152,103,100,0.0,20.3,10.0,collision_intent:51;dga_entry:100;state:52,0.25,0.21153846153846145,known_visit_horizon,commitment_horizon,8,h8,10,4
221,known_visit,DGA,ideal,1.0,19,361,4,10,dga_h8_ideal,known_visit_10target_300.csv,10,True,41.57906515295877,41.57906515295877,1,1,1,83,25,86,1,4,0,0,228,0,286,855,0,86,200,173,113,0.0,28.6,11.3,collision_intent:86;dga_entry:113;state:87,0.3500000000000001,0.11627906976744184,known_visit_horizon,commitment_horizon,8,h8,10,4
222,known_visit,DGA,ideal,1.0,19,361,4,10,dga_h8_ideal,known_visit_10target_300.csv,10,True,18.895142208362053,18.895142208362053,0,0,0,42,12,46,0,0,0,0,105,0,130,387,0,44,86,90,40,0.0,13.0,4.0,collision_intent:44;dga_entry:40;state:46,0.10000000000000009,0.05434782608695654,known_visit_horizon,commitment_horizon,8,h8,10,4
223,known_visit,DGA,ideal,1.0,19,361,4,10,dga_h8_ideal,known_visit_10target_300.csv,10,True,49.79972820632118,49.79972820632118,0,0,0,83,29,86,1,4,0,0,293,0,270,807,0,86,184,173,97,0.0,27.0,9.7,collision_intent:86;dga_entry:97;state:87,0.10000000000000009,0.09883720930232553,known_visit_horizon,commitment_horizon,8,h8,10,4
224,known_visit,DGA,ideal,1.0,19,361,4,10,dga_h8_ideal,known_visit_10target_300.csv,10,True,33.705412443503086,33.705412443503086,0,0,0,72,20,74,2,4,1,1,185,0,304,909,0,77,227,153,151,0.0,30.4,15.1,collision_intent:77;dga_entry:151;state:76,0.25,0.054054054054053946,known_visit_horizon,commitment_horizon,8,h8,10,4
225,known_visit,DGA,ideal,1.0,19,361,4,10,dga_h8_ideal,known_visit_10target_300.csv,10,True,40.348979578482485,40.348979578482485,0,0,0,81,22,84,1,4,0,0,221,0,266,795,0,84,182,169,97,0.0,26.6,9.7,collision_intent:84;dga_entry:97;state:85,0.10000000000000009,0.0535714285714286,known_visit_horizon,commitment_horizon,8,h8,10,4
226,known_visit,DGA,ideal,1.0,19,361,4,10,dga_h8_ideal,known_visit_10target_300.csv,10,True,41.76215550508313,41.76215550508313,0,0,0,78,25,82,0,0,0,0,233,0,248,741,0,81,167,163,85,0.0,24.8,8.5,collision_intent:81;dga_entry:85;state:82,0.25,0.0792682926829269,known_visit_horizon,commitment_horizon,8,h8,10,4
227,known_visit,DGA,ideal,1.0,19,361,4,10,dga_h8_ideal,known_visit_10target_300.csv,10,True,31.402871556795674,31.402871556795674,0,0,0,63,19,66,1,3,0,0,175,0,258,771,0,66,192,133,125,0.0,25.8,12.5,collision_intent:66;dga_entry:125;state:67,0.25,0.09090909090909083,known_visit_horizon,commitment_horizon,8,h8,10,4
228,known_visit,DGA,ideal,1.0,19,361,4,10,dga_h8_ideal,known_visit_10target_300.csv,10,True,33.13667224522765,33.13667224522765,0,0,0,69,20,72,1,1,0,0,179,0,244,729,0,71,173,144,100,0.0,24.4,10.0,collision_intent:71;dga_entry:100;state:73,0.25,0.10416666666666674,known_visit_horizon,commitment_horizon,8,h8,10,4
229,known_visit,DGA,ideal,1.0,19,361,4,10,dga_h8_ideal,known_visit_10target_300.csv,10,True,30.544388652954485,30.544388652954485,0,0,0,63,18,67,0,1,0,0,165,0,188,561,0,66,122,133,55,0.0,18.8,5.5,collision_intent:66;dga_entry:55;state:67,0.25,0.04850746268656714,known_visit_horizon,commitment_horizon,8,h8,10,4
230,known_visit,DGA,ideal,1.0,19,361,4,10,dga_h8_ideal,known_visit_10target_300.csv,10,True,55.15883864690898,55.15883864690898,0,0,0,112,33,115,1,2,1,1,297,0,354,1059,0,116,238,232,122,0.0,35.4,12.2,collision_intent:116;dga_entry:122;state:116,0.1499999999999999,0.11521739130434772,known_visit_horizon,commitment_horizon,8,h8,10,4
231,known_visit,DGA,ideal,1.0,19,361,4,10,dga_h8_ideal,known_visit_10target_300.csv,10,True,35.02379186312154,35.02379186312154,0,0,0,59,21,62,1,4,0,0,207,0,242,723,0,62,180,125,117,0.0,24.2,11.7,collision_intent:62;dga_entry:117;state:63,0.10000000000000009,0.17741935483870974,known_visit_horizon,commitment_horizon,8,h8,10,4
232,known_visit,DGA,ideal,1.0,19,361,4,10,dga_h8_ideal,known_visit_10target_300.csv,10,True,33.130433812768295,33.130433812768295,0,0,0,59,20,63,0,1,0,0,192,0,251,750,0,62,189,125,126,0.0,25.1,12.6,collision_intent:62;dga_entry:126;state:63,0.10000000000000009,0.15476190476190466,known_visit_horizon,commitment_horizon,8,h8,10,4
233,known_visit,DGA,ideal,1.0,19,361,4,10,dga_h8_ideal,known_visit_10target_300.csv,10,True,39.24344597312759,39.24344597312759,0,0,0,61,23,65,0,0,0,0,239,0,281,840,0,64,217,129,152,0.0,28.1,15.2,collision_intent:64;dga_entry:152;state:65,0.30000000000000004,0.26538461538461533,known_visit_horizon,commitment_horizon,8,h8,10,4
234,known_visit,DGA,ideal,1.0,19,361,4,10,dga_h8_ideal,known_visit_10target_300.csv,10,True,37.29901355181501,37.29901355181501,0,0,0,77,22,80,1,2,0,0,202,0,252,753,0,80,172,161,91,0.0,25.2,9.1,collision_intent:80;dga_entry:91;state:81,0.10000000000000009,0.050000000000000044,known_visit_horizon,commitment_horizon,8,h8,10,4
235,known_visit,DGA,ideal,1.0,19,361,4,10,dga_h8_ideal,known_visit_10target_300.csv,10,True,43.97384125038777,43.97384125038777,0,0,0,79,26,83,0,0,0,0,252,0,282,843,0,83,199,166,116,0.0,28.2,11.6,collision_intent:83;dga_entry:116;state:83,0.1499999999999999,0.10542168674698793,known_visit_horizon,commitment_horizon,8,h8,10,4
236,known_visit,DGA,ideal,1.0,19,361,4,10,dga_h8_ideal,known_visit_10target_300.csv,10,True,35.045720858118806,35.045720858118806,1,1,1,79,21,79,4,10,0,0,179,0,372,1113,0,82,290,165,207,0.0,37.2,20.7,collision_intent:82;dga_entry:207;state:83,0.25,0.06012658227848111,known_visit_horizon,commitment_horizon,8,h8,10,4
237,known_visit,DGA,ideal,1.0,19,361,4,10,dga_h8_ideal,known_visit_10target_300.csv,10,True,33.11649869742536,33.11649869742536,0,0,0,57,20,61,0,3,0,0,198,0,224,669,0,59,165,120,104,0.0,22.4,10.4,collision_intent:59;dga_entry:104;state:61,0.1499999999999999,0.2418032786885247,known_visit_horizon,commitment_horizon,8,h8,10,4
238,known_visit,DGA,ideal,1.0,19,361,4,10,dga_h8_ideal,known_visit_10target_300.csv,10,True,36.167984833872055,36.167984833872055,0,0,0,63,21,67,0,2,0,0,211,0,237,708,0,65,172,132,105,0.0,23.7,10.5,collision_intent:65;dga_entry:105;state:67,0.25,0.2201492537313432,known_visit_horizon,commitment_horizon,8,h8,10,4
239,known_visit,DGA,ideal,1.0,19,361,4,10,dga_h8_ideal,known_visit_10target_300.csv,10,True,34.80344672331289,34.80344672331289,0,0,0,78,21,79,3,2,0,0,179,0,233,696,0,81,152,163,70,0.0,23.3,7.0,collision_intent:81;dga_entry:70;state:82,0.10000000000000009,0.04746835443037978,known_visit_horizon,commitment_horizon,8,h8,10,4
240,known_visit,DGA,ideal,1.0,19,361,4,10,dga_h8_ideal,known_visit_10target_300.csv,10,True,30.62759364866327,30.62759364866327,0,0,0,72,19,74,2,1,0,0,158,0,216,645,0,73,143,149,67,0.0,21.6,6.7,collision_intent:73;dga_entry:67;state:76,0.25,0.03378378378378377,known_visit_horizon,commitment_horizon,8,h8,10,4
241,known_visit,DGA,ideal,1.0,19,361,4,10,dga_h8_ideal,known_visit_10target_300.csv,10,True,27.474199266663778,27.474199266663778,0,0,0,53,17,57,0,2,0,0,156,0,188,561,0,56,132,113,75,0.0,18.8,7.5,collision_intent:56;dga_entry:75;state:57,0.10000000000000009,0.09210526315789469,known_visit_horizon,commitment_horizon,8,h8,10,4
242,known_visit,DGA,ideal,1.0,19,361,4,10,dga_h8_ideal,known_visit_10target_300.csv,10,True,32.1012501286048,32.1012501286048,0,0,0,69,19,73,0,0,0,0,172,0,249,744,0,71,178,144,105,0.0,24.9,10.5,collision_intent:71;dga_entry:105;state:73,0.25,0.051369863013698724,known_visit_horizon,commitment_horizon,8,h8,10,4
243,known_visit,DGA,ideal,1.0,19,361,4,10,dga_h8_ideal,known_visit_10target_300.csv,10,True,38.11757854646517,38.11757854646517,0,0,0,76,22,80,0,0,0,0,212,0,234,699,0,79,155,159,75,0.0,23.4,7.5,collision_intent:79;dga_entry:75;state:80,0.25,0.07499999999999996,known_visit_horizon,commitment_horizon,8,h8,10,4
244,known_visit,DGA,ideal,1.0,19,361,4,10,dga_h8_ideal,known_visit_10target_300.csv,10,True,36.756593441799524,36.756593441799524,0,0,0,75,22,79,0,1,0,0,203,0,228,681,0,78,150,157,71,0.0,22.8,7.1,collision_intent:78;dga_entry:71;state:79,0.30000000000000004,0.09810126582278489,known_visit_horizon,commitment_horizon,8,h8,10,4
245,known_visit,DGA,ideal,1.0,19,361,4,10,dga_h8_ideal,known_visit_10target_300.csv,10,True,34.78005158209227,34.78005158209227,0,0,0,79,21,82,1,2,0,0,179,0,239,714,0,81,158,164,75,0.0,23.9,7.5,collision_intent:81;dga_entry:75;state:83,0.30000000000000004,0.030487804878048808,known_visit_horizon,commitment_horizon,8,h8,10,4
246,known_visit,DGA,ideal,1.0,19,361,4,10,dga_h8_ideal,known_visit_10target_300.csv,10,True,53.3046379057079,53.3046379057079,0,0,0,111,32,115,0,2,1,1,284,0,381,1140,0,115,266,230,151,0.0,38.1,15.1,collision_intent:115;dga_entry:151;state:115,0.3500000000000001,0.06739130434782603,known_visit_horizon,commitment_horizon,8,h8,10,4
247,known_visit,DGA,ideal,1.0,19,361,4,10,dga_h8_ideal,known_visit_10target_300.csv,10,True,43.066990814601375,43.066990814601375,0,0,0,90,26,92,2,2,0,0,229,0,340,1017,0,93,247,187,153,0.0,34.0,15.3,collision_intent:93;dga_entry:153;state:94,0.1499999999999999,0.07065217391304346,known_visit_horizon,commitment_horizon,8,h8,10,4
248,known_visit,DGA,ideal,1.0,19,361,4,10,dga_h8_ideal,known_visit_10target_300.csv,10,True,30.86017972405265,30.86017972405265,1,1,1,58,18,59,3,0,0,0,180,0,255,762,0,60,195,122,133,0.0,25.5,13.3,collision_intent:60;dga_entry:133;state:62,0.25,0.11440677966101687,known_visit_horizon,commitment_horizon,8,h8,10,4
249,known_visit,DGA,ideal,1.0,19,361,4,10,dga_h8_ideal,known_visit_10target_300.csv,10,True,36.806499547984295,36.806499547984295,0,0,0,72,22,75,1,2,0,0,205,0,226,675,0,75,151,151,75,0.0,22.6,7.5,collision_intent:75;dga_entry:75;state:76,0.1499999999999999,0.1299999999999999,known_visit_horizon,commitment_horizon,8,h8,10,4
250,known_visit,DGA,ideal,1.0,19,361,4,10,dga_h8_ideal,known_visit_10target_300.csv,10,True,31.55997175686088,31.55997175686088,0,0,0,66,19,70,0,0,0,0,173,0,177,528,0,67,110,137,40,0.0,17.7,4.0,collision_intent:67;dga_entry:40;state:70,0.25,0.1071428571428572,known_visit_horizon,commitment_horizon,8,h8,10,4
251,known_visit,DGA,ideal,1.0,19,361,4,10,dga_h8_ideal,known_visit_10target_300.csv,10,True,35.28862031459625,35.28862031459625,0,0,0,76,21,80,0,5,0,0,184,0,310,927,0,79,231,159,151,0.0,31.0,15.1,collision_intent:79;dga_entry:151;state:80,0.25,0.050000000000000044,known_visit_horizon,commitment_horizon,8,h8,10,4
252,known_visit,DGA,ideal,1.0,19,361,4,10,dga_h8_ideal,known_visit_10target_300.csv,10,True,46.58591724927395,46.58591724927395,0,0,0,108,27,108,4,3,0,0,237,0,376,1125,0,110,266,222,154,0.0,37.6,15.4,collision_intent:110;dga_entry:154;state:112,0.25,0.02777777777777768,known_visit_horizon,commitment_horizon,8,h8,10,4
253,known_visit,DGA,ideal,1.0,19,361,4,10,dga_h8_ideal,known_visit_10target_300.csv,10,True,30.075513359652827,30.075513359652827,1,1,1,63,18,62,5,2,0,0,161,0,209,624,0,66,143,133,76,0.0,20.9,7.6,collision_intent:66;dga_entry:76;state:67,0.10000000000000009,0.08064516129032251,known_visit_horizon,commitment_horizon,8,h8,10,4
254,known_visit,DGA,ideal,1.0,19,361,4,10,dga_h8_ideal,known_visit_10target_300.csv,10,True,36.443543815434715,36.443543815434715,1,1,1,72,22,73,3,1,0,0,203,0,247,735,0,74,173,150,97,0.0,24.7,9.7,collision_intent:74;dga_entry:97;state:76,0.1499999999999999,0.14726027397260277,known_visit_horizon,commitment_horizon,8,h8,10,4
255,known_visit,DGA,ideal,1.0,19,361,4,10,dga_h8_ideal,known_visit_10target_300.csv,10,True,33.60313464801416,33.60313464801416,0,0,0,73,20,76,1,0,0,0,176,0,206,615,0,75,131,152,54,0.0,20.6,5.4,collision_intent:75;dga_entry:54;state:77,0.10000000000000009,0.046052631578947345,known_visit_horizon,commitment_horizon,8,h8,10,4
256,known_visit,DGA,ideal,1.0,19,361,4,10,dga_h8_ideal,known_visit_10target_300.csv,10,True,39.50554863431839,39.50554863431839,0,0,0,81,23,82,3,6,0,0,214,0,344,1029,0,85,259,170,174,0.0,34.4,17.4,collision_intent:85;dga_entry:174;state:85,0.25,0.04878048780487809,known_visit_horizon,commitment_horizon,8,h8,10,4
257,known_visit,DGA,ideal,1.0,19,361,4,10,dga_h8_ideal,known_visit_10target_300.csv,10,True,33.16605658233272,33.16605658233272,0,0,0,73,20,76,1,2,0,0,172,0,246,732,0,76,170,153,93,0.0,24.6,9.3,collision_intent:76;dga_entry:93;state:77,0.1499999999999999,0.05921052631578938,known_visit_horizon,commitment_horizon,8,h8,10,4
258,known_visit,DGA,ideal,1.0,19,361,4,10,dga_h8_ideal,known_visit_10target_300.csv,10,True,45.08245089380461,45.08245089380461,0,0,0,82,27,86,0,1,0,0,253,0,262,783,0,85,177,171,91,0.0,26.2,9.1,collision_intent:85;dga_entry:91;state:86,0.10000000000000009,0.09302325581395343,known_visit_horizon,commitment_horizon,8,h8,10,4
259,known_visit,DGA,ideal,1.0,19,361,4,10,dga_h8_ideal,known_visit_10target_300.csv,10,True,36.94804880932201,36.94804880932201,0,0,0,62,21,66,0,6,0,0,218,0,353,1056,0,64,289,130,223,0.0,35.3,22.3,collision_intent:64;dga_entry:223;state:66,0.3500000000000001,0.21969696969696972,known_visit_horizon,commitment_horizon,8,h8,10,4
260,known_visit,DGA,ideal,1.0,19,361,4,10,dga_h8_ideal,known_visit_10target_300.csv,10,True,31.371744773408665,31.371744773408665,0,0,0,63,19,67,0,3,0,0,176,0,204,609,0,66,138,133,71,0.0,20.4,7.1,collision_intent:66;dga_entry:71;state:67,0.1499999999999999,0.07089552238805963,known_visit_horizon,commitment_horizon,8,h8,10,4
261,known_visit,DGA,ideal,1.0,19,361,4,10,dga_h8_ideal,known_visit_10target_300.csv,10,True,34.62265867330567,34.62265867330567,0,0,0,67,21,70,1,0,1,1,193,0,268,801,0,71,197,142,126,0.0,26.8,12.6,collision_intent:71;dga_entry:126;state:71,0.1499999999999999,0.12142857142857144,known_visit_horizon,commitment_horizon,8,h8,10,4
262,known_visit,DGA,ideal,1.0,19,361,4,10,dga_h8_ideal,known_visit_10target_300.csv,10,True,30.798721171270966,30.798721171270966,0,0,0,71,19,75,0,1,0,0,158,0,199,594,0,74,125,149,50,0.0,19.9,5.0,collision_intent:74;dga_entry:50;state:75,0.10000000000000009,0.023333333333333428,known_visit_horizon,commitment_horizon,8,h8,10,4
263,known_visit,DGA,ideal,1.0,19,361,4,10,dga_h8_ideal,known_visit_10target_300.csv,10,True,47.08427630552421,47.08427630552421,0,0,0,94,28,96,2,4,0,0,257,0,337,1008,0,99,238,197,140,0.0,33.7,14.0,collision_intent:99;dga_entry:140;state:98,0.10000000000000009,0.09895833333333326,known_visit_horizon,commitment_horizon,8,h8,10,4
264,known_visit,DGA,ideal,1.0,19,361,4,10,dga_h8_ideal,known_visit_10target_300.csv,10,True,50.182222760562006,50.182222760562006,0,0,0,91,30,95,0,2,0,0,282,0,330,987,0,94,236,189,141,0.0,33.0,14.1,collision_intent:94;dga_entry:141;state:95,0.10000000000000009,0.11315789473684212,known_visit_horizon,commitment_horizon,8,h8,10,4
265,known_visit,DGA,ideal,1.0,19,361,4,10,dga_h8_ideal,known_visit_10target_300.csv,10,True,40.75445566684916,40.75445566684916,0,0,0,72,24,75,1,0,1,1,236,0,246,735,0,75,171,151,95,0.0,24.6,9.5,collision_intent:75;dga_entry:95;state:76,0.25,0.1433333333333333,known_visit_horizon,commitment_horizon,8,h8,10,4
266,known_visit,DGA,ideal,1.0,19,361,4,10,dga_h8_ideal,known_visit_10target_300.csv,10,True,37.29056675260991,37.29056675260991,1,1,1,81,22,80,5,2,0,0,197,0,239,714,0,83,156,168,71,0.0,23.9,7.1,collision_intent:83;dga_entry:71;state:85,0.25,0.09375,known_visit_horizon,commitment_horizon,8,h8,10,4
267,known_visit,DGA,ideal,1.0,19,361,4,10,dga_h8_ideal,known_visit_10target_300.csv,10,True,32.14238549378846,32.14238549378846,0,0,0,67,19,62,9,3,0,0,175,0,210,627,0,69,141,140,70,0.0,21.0,7.0,collision_intent:69;dga_entry:70;state:71,0.1499999999999999,0.11290322580645151,known_visit_horizon,commitment_horizon,8,h8,10,4
268,known_visit,DGA,ideal,1.0,19,361,4,10,dga_h8_ideal,known_visit_10target_300.csv,10,True,40.09382184196168,40.09382184196168,0,0,0,69,24,73,0,7,0,0,234,0,325,972,0,72,253,145,180,0.0,32.5,18.0,collision_intent:72;dga_entry:180;state:73,0.25,0.17465753424657526,known_visit_horizon,commitment_horizon,8,h8,10,4
269,known_visit,DGA,ideal,1.0,19,361,4,10,dga_h8_ideal,known_visit_10target_300.csv,10,True,28.709755341151684,28.709755341151684,0,0,0,64,17,67,1,1,0,0,153,0,249,744,0,66,183,134,115,0.0,24.9,11.5,collision_intent:66;dga_entry:115;state:68,0.10000000000000009,0.04850746268656714,known_visit_horizon,commitment_horizon,8,h8,10,4
270,known_visit,DGA,ideal,1.0,19,361,4,10,dga_h8_ideal,known_visit_10target_300.csv,10,True,33.284838262970325,33.284838262970325,0,0,0,59,20,63,0,2,0,0,191,0,197,588,0,63,134,126,71,0.0,19.7,7.1,collision_intent:63;dga_entry:71;state:63,0.25,0.1785714285714286,known_visit_horizon,commitment_horizon,8,h8,10,4
271,known_visit,DGA,ideal,1.0,19,361,4,10,dga_h8_ideal,known_visit_10target_300.csv,10,True,31.66163618038668,31.66163618038668,0,0,0,69,19,73,0,2,0,0,165,0,220,657,0,72,148,145,75,0.0,22.0,7.5,collision_intent:72;dga_entry:75;state:73,0.25,0.044520547945205546,known_visit_horizon,commitment_horizon,8,h8,10,4
272,known_visit,DGA,ideal,1.0,19,361,4,10,dga_h8_ideal,known_visit_10target_300.csv,10,True,31.358592136669042,31.358592136669042,0,0,0,69,19,73,0,3,0,0,166,0,298,891,0,71,227,144,154,0.0,29.8,15.4,collision_intent:71;dga_entry:154;state:73,0.1499999999999999,0.05821917808219168,known_visit_horizon,commitment_horizon,8,h8,10,4
273,known_visit,DGA,ideal,1.0,19,361,4,10,dga_h8_ideal,known_visit_10target_300.csv,10,True,31.612041444267227,31.612041444267227,0,0,0,69,19,73,0,1,0,0,167,0,228,681,0,70,158,143,85,0.0,22.8,8.5,collision_intent:70;dga_entry:85;state:73,0.1499999999999999,0.06506849315068486,known_visit_horizon,commitment_horizon,8,h8,10,4
274,known_visit,DGA,ideal,1.0,19,361,4,10,dga_h8_ideal,known_visit_10target_300.csv,10,True,42.21444953664379,42.21444953664379,1,1,1,97,25,96,5,4,1,1,220,0,384,1149,0,99,285,200,184,0.0,38.4,18.4,collision_intent:99;dga_entry:184;state:101,0.10000000000000009,0.015625,known_visit_horizon,commitment_horizon,8,h8,10,4
275,known_visit,DGA,ideal,1.0,19,361,4,10,dga_h8_ideal,known_visit_10target_300.csv,10,True,34.87234699204134,34.87234699204134,0,0,0,71,21,75,0,4,0,0,189,0,293,876,0,75,218,150,143,0.0,29.3,14.3,collision_intent:75;dga_entry:143;state:75,0.10000000000000009,0.09000000000000008,known_visit_horizon,commitment_horizon,8,h8,10,4
276,known_visit,DGA,ideal,1.0,19,361,4,10,dga_h8_ideal,known_visit_10target_300.csv,10,True,30.88541812154605,30.88541812154605,0,0,0,70,18,74,0,1,0,0,162,0,256,765,0,71,185,145,111,0.0,25.6,11.1,collision_intent:71;dga_entry:111;state:74,0.3999999999999999,0.020270270270270174,known_visit_horizon,commitment_horizon,8,h8,10,4
277,known_visit,DGA,ideal,1.0,19,361,4,10,dga_h8_ideal,known_visit_10target_300.csv,10,True,52.50119485559678,52.50119485559678,1,1,1,85,31,84,5,6,0,0,309,0,321,960,0,88,233,177,144,0.0,32.1,14.4,collision_intent:88;dga_entry:144;state:89,0.10000000000000009,0.1607142857142858,known_visit_horizon,commitment_horizon,8,h8,10,4
278,known_visit,DGA,ideal,1.0,19,361,4,10,dga_h8_ideal,known_visit_10target_300.csv,10,True,42.20287509467789,42.20287509467789,1,1,1,95,24,93,6,5,2,1,215,0,349,1041,0,98,251,197,152,0.0,34.9,15.2,collision_intent:98;dga_entry:152;state:99,0.10000000000000009,0.045698924731182755,known_visit_horizon,commitment_horizon,8,h8,10,4
279,known_visit,DGA,ideal,1.0,19,361,4,10,dga_h8_ideal,known_visit_10target_300.csv,10,True,28.513046162805644,28.513046162805644,0,0,0,59,17,63,0,1,0,0,156,0,294,879,0,62,232,125,169,0.0,29.4,16.9,collision_intent:62;dga_entry:169;state:63,0.10000000000000009,0.07539682539682535,known_visit_horizon,commitment_horizon,8,h8,10,4
280,known_visit,DGA,ideal,1.0,19,361,4,10,dga_h8_ideal,known_visit_10target_300.csv,10,True,33.17762131163682,33.17762131163682,0,0,0,63,20,67,0,1,0,0,190,0,197,588,0,66,131,133,64,0.0,19.7,6.4,collision_intent:66;dga_entry:64;state:67,0.1499999999999999,0.10820895522388052,known_visit_horizon,commitment_horizon,8,h8,10,4
281,known_visit,DGA,ideal,1.0,19,361,4,10,dga_h8_ideal,known_visit_10target_300.csv,10,True,31.94277220640941,31.94277220640941,0,0,0,71,19,74,1,3,0,0,172,0,273,816,0,72,201,147,126,0.0,27.3,12.6,collision_intent:72;dga_entry:126;state:75,0.25,0.04054054054054057,known_visit_horizon,commitment_horizon,8,h8,10,4
282,known_visit,DGA,ideal,1.0,19,361,4,10,dga_h8_ideal,known_visit_10target_300.csv,10,True,30.66576142688187,30.66576142688187,0,0,0,63,18,67,0,2,0,0,167,0,292,873,0,67,225,134,158,0.0,29.2,15.8,collision_intent:67;dga_entry:158;state:67,0.25,0.07089552238805963,known_visit_horizon,commitment_horizon,8,h8,10,4
283,known_visit,DGA,ideal,1.0,19,361,4,10,dga_h8_ideal,known_visit_10target_300.csv,10,True,33.11679314166895,33.11679314166895,0,0,0,66,20,70,0,2,0,0,181,0,222,663,0,69,153,139,83,0.0,22.2,8.3,collision_intent:69;dga_entry:83;state:70,0.10000000000000009,0.10000000000000009,known_visit_horizon,commitment_horizon,8,h8,10,4
284,known_visit,DGA,ideal,1.0,19,361,4,10,dga_h8_ideal,known_visit_10target_300.csv,10,True,33.36390579916095,33.36390579916095,0,0,0,63,20,67,0,0,0,0,189,0,234,699,0,65,169,132,102,0.0,23.4,10.2,collision_intent:65;dga_entry:102;state:67,0.10000000000000009,0.1455223880597014,known_visit_horizon,commitment_horizon,8,h8,10,4
285,known_visit,DGA,ideal,1.0,19,361,4,10,dga_h8_ideal,known_visit_10target_300.csv,10,True,34.783622786496444,34.783622786496444,0,0,0,68,21,72,0,3,0,0,194,0,244,729,0,71,173,143,101,0.0,24.4,10.1,collision_intent:71;dga_entry:101;state:72,0.10000000000000009,0.08333333333333326,known_visit_horizon,commitment_horizon,8,h8,10,4
286,known_visit,DGA,ideal,1.0,19,361,4,10,dga_h8_ideal,known_visit_10target_300.csv,10,True,35.19144012204182,35.19144012204182,0,0,0,74,21,77,1,2,0,0,187,0,222,663,0,77,145,155,67,0.0,22.2,6.7,collision_intent:77;dga_entry:67;state:78,0.10000000000000009,0.07467532467532467,known_visit_horizon,commitment_horizon,8,h8,10,4
287,known_visit,DGA,ideal,1.0,19,361,4,10,dga_h8_ideal,known_visit_10target_300.csv,10,True,46.13879740134515,46.13879740134515,0,0,0,81,25,84,1,1,1,1,265,0,270,807,0,87,183,172,98,0.0,27.0,9.8,collision_intent:87;dga_entry:98;state:85,0.30000000000000004,0.11309523809523814,known_visit_horizon,commitment_horizon,8,h8,10,4
288,known_visit,DGA,ideal,1.0,19,361,4,10,dga_h8_ideal,known_visit_10target_300.csv,10,True,34.62924042225269,34.62924042225269,0,0,0,76,21,80,0,1,0,0,177,0,216,645,0,79,137,159,57,0.0,21.6,5.7,collision_intent:79;dga_entry:57;state:80,0.25,0.03750000000000009,known_visit_horizon,commitment_horizon,8,h8,10,4
289,known_visit,DGA,ideal,1.0,19,361,4,10,dga_h8_ideal,known_visit_10target_300.csv,10,True,38.49900631754524,38.49900631754524,0,0,0,59,23,63,0,2,0,0,237,0,206,615,0,62,144,125,81,0.0,20.6,8.1,collision_intent:62;dga_entry:81;state:63,0.1499999999999999,0.2738095238095237,known_visit_horizon,commitment_horizon,8,h8,10,4
290,known_visit,DGA,ideal,1.0,19,361,4,10,dga_h8_ideal,known_visit_10target_300.csv,10,True,37.071537975253534,37.071537975253534,0,0,0,72,22,75,1,5,0,0,210,0,325,972,0,73,252,149,176,0.0,32.5,17.6,collision_intent:73;dga_entry:176;state:76,0.25,0.16333333333333333,known_visit_horizon,commitment_horizon,8,h8,10,4
291,known_visit,DGA,ideal,1.0,19,361,4,10,dga_h8_ideal,known_visit_10target_300.csv,10,True,42.68231777860614,42.68231777860614,0,0,0,97,25,99,2,4,0,0,218,0,348,1041,0,99,249,200,148,0.0,34.8,14.8,collision_intent:99;dga_entry:148;state:101,0.1499999999999999,0.022727272727272707,known_visit_horizon,commitment_horizon,8,h8,10,4
292,known_visit,DGA,ideal,1.0,19,361,4,10,dga_h8_ideal,known_visit_10target_300.csv,10,True,33.76667137961444,33.76667137961444,0,0,0,72,20,76,0,2,1,1,185,0,255,762,0,74,181,150,105,0.0,25.5,10.5,collision_intent:74;dga_entry:105;state:76,0.10000000000000009,0.07236842105263164,known_visit_horizon,commitment_horizon,8,h8,10,4
293,known_visit,DGA,ideal,1.0,19,361,4,10,dga_h8_ideal,known_visit_10target_300.csv,10,True,38.54636468353856,38.54636468353856,0,0,0,78,23,80,2,4,0,0,207,0,325,972,0,82,243,164,161,0.0,32.5,16.1,collision_intent:82;dga_entry:161;state:82,0.1499999999999999,0.0625,known_visit_horizon,commitment_horizon,8,h8,10,4
294,known_visit,DGA,ideal,1.0,19,361,4,10,dga_h8_ideal,known_visit_10target_300.csv,10,True,34.58873813183609,34.58873813183609,1,1,1,62,21,65,1,1,0,0,202,0,221,660,0,64,157,130,91,0.0,22.1,9.1,collision_intent:64;dga_entry:91;state:66,0.3999999999999999,0.21923076923076934,known_visit_horizon,commitment_horizon,8,h8,10,4
295,known_visit,DGA,ideal,1.0,19,361,4,10,dga_h8_ideal,known_visit_10target_300.csv,10,True,37.56535991031294,37.56535991031294,0,0,0,78,22,82,0,2,0,0,199,0,253,756,0,81,172,163,90,0.0,25.3,9.0,collision_intent:81;dga_entry:90;state:82,0.10000000000000009,0.054878048780487854,known_visit_horizon,commitment_horizon,8,h8,10,4
296,known_visit,DGA,ideal,1.0,19,361,4,10,dga_h8_ideal,known_visit_10target_300.csv,10,True,38.13284460930212,38.13284460930212,0,0,0,80,22,83,1,5,0,0,202,0,319,954,0,83,236,167,152,0.0,31.9,15.2,collision_intent:83;dga_entry:152;state:84,0.10000000000000009,0.06325301204819267,known_visit_horizon,commitment_horizon,8,h8,10,4
297,known_visit,DGA,ideal,1.0,19,361,4,10,dga_h8_ideal,known_visit_10target_300.csv,10,True,26.48874528889774,26.48874528889774,0,0,0,36,16,40,0,1,0,0,170,0,209,624,0,40,169,80,129,0.0,20.9,12.9,collision_intent:40;dga_entry:129;state:40,0.1499999999999999,0.3374999999999999,known_visit_horizon,commitment_horizon,8,h8,10,4
298,known_visit,DGA,ideal,1.0,19,361,4,10,dga_h8_ideal,known_visit_10target_300.csv,10,True,33.54785919599108,33.54785919599108,0,0,0,64,20,67,1,2,0,0,184,0,196,584,0,67,129,135,61,0.0,19.6,6.1,collision_intent:67;dga_entry:61;state:68,0.25,0.13805970149253732,known_visit_horizon,commitment_horizon,8,h8,10,4
299,known_visit,DGA,ideal,1.0,19,361,4,10,dga_h8_ideal,known_visit_10target_300.csv,10,True,37.53756090968519,37.53756090968519,0,0,0,66,22,70,0,3,0,0,218,0,273,816,0,69,204,139,134,0.0,27.3,13.4,collision_intent:69;dga_entry:134;state:70,0.3999999999999999,0.17142857142857149,known_visit_horizon,commitment_horizon,8,h8,10,4
